Seed,Training accuracy,Training Unfairness(3),Training objective function,Test accuracy,Test unfairness,#Nodes explored for best solution,Cache size for best solution,Average length,CPU running time (s),Solving Status,Model
19,0.6706413730803975,0.16777563000450063,0.3353586269196025,0.6991869918699187,0.2399360071433886,3212,694,6,0.1805020000000006,OPT,"RULELIST:
 if [priors_count_high]: (recidivism:yes) = True
else if [age_very_high]: (recidivism:yes) = False
else if [age_high]: (recidivism:yes) = False
else if [priors_count_middle]: (recidivism:yes) = True
else if [sex_Female]: (recidivism:yes) = False
else if [age_very_low]: (recidivism:yes) = True
else (recidivism:yes) = False"
