Seed,Training accuracy,Training Unfairness(3),Training objective function,Test accuracy,Test unfairness,#Nodes explored for best solution,Cache size for best solution,Average length,CPU running time (s),Solving Status,Model
11,0.6760614272809394,0.1831100386262139,0.3299385727190606,0.6504065040650406,0.10094815128123785,2530,301,6,0.4114590000000007,OPT,"RULELIST:
 if [priors_count_high]: (recidivism:yes) = True
else if [age_very_high]: (recidivism:yes) = False
else if [age_high]: (recidivism:yes) = False
else if [priors_count_middle]: (recidivism:yes) = True
else if [sex_Female]: (recidivism:yes) = False
else if [age_very_low]: (recidivism:yes) = True
else (recidivism:yes) = False"
