Seed,Training accuracy,Training Unfairness(3),Training objective function,Test accuracy,Test unfairness,#Nodes explored for best solution,Cache size for best solution,Average length,CPU running time (s),Solving Status,Model
5,0.6737127371273712,0.1810606817307408,0.3322872628726288,0.6715447154471544,0.12029569892473121,2590,252,6,0.21923899999999996,OPT,"RULELIST:
 if [priors_count_high]: (recidivism:yes) = True
else if [age_very_high]: (recidivism:yes) = False
else if [age_high]: (recidivism:yes) = False
else if [priors_count_middle]: (recidivism:yes) = True
else if [sex_Female]: (recidivism:yes) = False
else if [age_very_low]: (recidivism:yes) = True
else (recidivism:yes) = False"
