Seed,Training accuracy,Training Unfairness(3),Training objective function,Test accuracy,Test unfairness,#Nodes explored for best solution,Cache size for best solution,Average length,CPU running time (s),Solving Status,Model
13,0.6733514001806685,0.17202021316706673,0.3326485998193315,0.6747967479674797,0.2011313639220616,3060,523,6,0.1755249999999995,OPT,"RULELIST:
 if [priors_count_high]: (recidivism:yes) = True
else if [age_very_high]: (recidivism:yes) = False
else if [age_high]: (recidivism:yes) = False
else if [priors_count_middle]: (recidivism:yes) = True
else if [sex_Female]: (recidivism:yes) = False
else if [age_very_low]: (recidivism:yes) = True
else (recidivism:yes) = False"
