foreign_worker_yes,foreign_worker_no,credit_duration_months_high,credit_duration_months_low,installment_rate(perc_disp_income)_high,installment_rate(perc_disp_income)_low,credit_amount_high,credit_amount_low,residence_duration_high,residence_duration_low,age_high,age_low,account_balance_na,gender_female,gender_male,employment_duration_>7_year,previous_credit_payment_status_existing_credits_paid_till_now,telephone_yes,current_assets_car_other,apartment_type_own,previous_credit_payment_status_other_credits_existing,current_assets_real_estate,guarantor_none,savings_little,account_balance_little,other_credits_none,account_balance_moderate,credit_purpose_radio/television,occupation_skilled-employee,employment_duration_1<_<4_year,telephone_no,other_credits_none__AND__guarantor_none,apartment_type_own__AND__guarantor_none,apartment_type_own__AND__other_credits_none,gender_male__AND__guarantor_none,gender_male__AND__other_credits_none,apartment_type_own__AND__gender_male,installment_rate(perc_disp_income)_high__AND__guarantor_none,other_credits_none__AND__installment_rate(perc_disp_income)_high,savings_little__AND__guarantor_none,guarantor_none__AND__credit_duration_months_high,occupation_skilled-employee__AND__guarantor_none,other_credits_none__AND__occupation_skilled-employee,telephone_no__AND__guarantor_none,residence_duration_high__AND__guarantor_none,credit_rating
1,0,1,0,1,0,1,0,0,1,0,1,0,0,1,0,1,1,0,1,0,0,1,1,0,1,1,0,0,0,0,1,1,1,1,1,1,1,1,1,1,0,0,0,0,0
1,0,1,0,1,0,0,1,1,0,0,1,0,1,0,0,1,0,1,0,0,0,1,1,1,0,0,1,1,1,1,0,0,0,0,0,0,1,0,1,1,1,0,1,1,0
1,0,1,0,1,0,0,1,1,0,1,0,1,0,1,0,1,1,0,1,0,1,1,1,0,1,0,1,1,0,0,1,1,1,1,1,1,1,1,1,1,1,1,0,1,1
1,0,1,0,1,0,1,0,1,0,0,1,0,0,1,1,1,0,0,0,0,0,1,0,0,1,1,0,1,0,1,1,0,0,1,1,0,1,1,0,1,1,1,1,1,1
1,0,0,1,1,0,0,1,0,1,0,1,1,1,0,0,1,1,0,1,0,1,1,1,0,1,0,0,1,1,0,1,1,1,0,0,0,1,1,1,0,1,1,0,0,1
0,1,0,1,0,1,0,1,0,1,0,1,1,0,1,0,0,0,1,1,1,0,1,0,0,1,0,0,1,1,1,1,1,1,1,1,1,0,0,0,0,1,1,1,0,1
1,0,1,0,1,0,1,0,0,1,1,0,0,0,1,0,1,0,0,0,0,0,1,1,0,1,1,0,0,0,1,1,0,0,1,1,0,1,1,1,1,0,0,1,0,0
1,0,0,1,1,0,0,1,1,0,1,0,0,0,1,1,1,1,0,1,0,1,1,0,0,1,1,0,1,0,0,1,1,1,1,1,1,1,1,0,0,1,1,0,1,1
1,0,0,1,1,0,0,1,0,1,0,1,0,0,1,0,1,0,0,1,0,1,0,1,0,0,1,1,0,0,1,0,0,0,0,0,1,0,0,0,0,0,0,0,0,1
1,0,1,0,1,0,0,1,0,1,0,1,1,0,1,0,1,1,0,1,0,1,1,1,0,1,0,0,1,0,0,1,1,1,1,1,1,1,1,1,1,1,1,0,0,1
1,0,0,1,1,0,0,1,1,0,0,1,1,1,0,0,0,0,1,1,1,0,1,0,0,1,0,0,1,1,1,1,1,1,0,0,0,1,1,0,0,1,1,1,1,1
1,0,0,1,1,0,0,1,0,1,0,1,1,1,0,0,0,0,0,1,0,1,1,1,0,1,0,1,1,1,1,1,1,1,0,0,0,1,1,1,0,1,1,1,0,1
1,0,1,0,0,1,1,0,0,1,0,1,0,1,0,0,1,0,0,1,0,1,1,1,1,1,0,1,1,1,1,1,1,1,0,0,0,0,0,1,1,1,1,1,0,0
1,0,1,0,0,1,1,0,1,0,1,0,1,1,0,0,0,1,1,1,0,0,1,0,0,1,0,0,1,0,0,1,1,1,0,0,0,0,0,0,1,1,1,0,1,1
1,0,1,0,1,0,0,1,0,1,1,0,0,1,0,1,1,1,0,0,0,0,1,0,0,1,0,1,1,0,0,1,0,0,0,0,0,1,1,0,1,1,1,0,0,1
1,0,0,1,1,0,0,1,0,1,1,0,0,0,1,0,1,0,0,1,0,1,1,0,0,1,1,0,0,0,1,1,1,1,1,1,1,1,1,0,0,0,0,1,0,1
1,0,0,1,1,0,0,1,1,0,0,1,0,1,0,0,0,0,0,0,1,0,1,1,1,1,0,0,1,1,1,1,0,0,0,0,0,1,1,1,0,1,1,1,1,1
1,0,0,1,1,0,0,1,0,1,0,1,1,1,0,0,0,0,0,1,0,0,1,0,0,1,0,0,1,0,1,1,1,1,0,0,0,1,1,0,0,1,1,1,0,1
1,0,1,0,1,0,1,0,1,0,0,1,1,1,0,0,1,0,1,1,0,0,1,0,0,1,0,0,1,0,1,1,1,1,0,0,0,1,1,0,1,1,1,1,1,1
1,0,1,0,1,0,1,0,1,0,1,0,0,0,1,1,1,1,0,0,0,0,1,0,0,0,1,0,1,0,0,0,0,0,1,0,0,1,0,0,1,1,0,0,1,1
1,0,0,1,1,0,0,1,1,0,1,0,1,0,1,1,0,0,0,0,0,0,1,0,0,1,0,1,1,0,1,1,0,0,1,1,0,1,1,0,0,1,1,1,1,1
1,0,1,0,0,1,1,0,0,1,0,1,0,0,1,0,0,0,0,1,0,1,1,0,0,1,1,1,0,1,1,1,1,1,1,1,1,0,0,0,1,0,0,1,0,1
1,0,0,1,1,0,0,1,0,1,0,1,0,1,0,0,0,0,0,1,0,1,1,1,0,0,0,0,0,0,1,0,1,0,0,0,0,1,0,1,0,0,0,1,0,0
1,0,0,1,1,0,0,1,0,1,1,0,1,1,0,0,0,0,1,1,1,0,1,0,0,1,0,0,1,0,1,1,1,1,0,0,0,1,1,0,0,1,1,1,0,1
1,0,0,1,1,0,0,1,0,1,1,0,1,0,1,0,1,0,0,1,0,1,1,1,0,1,0,0,0,1,1,1,1,1,1,1,1,1,1,1,0,0,0,1,0,1
1,0,0,1,1,0,0,1,1,0,1,0,0,0,1,1,0,0,1,0,0,0,1,1,1,1,0,0,1,0,1,1,0,0,1,1,0,1,1,1,0,1,1,1,1,0
1,0,0,1,1,0,0,1,1,0,1,0,1,1,0,0,0,1,1,1,1,0,1,0,0,1,0,0,1,0,0,1,1,1,0,0,0,1,1,0,0,1,1,0,1,1
1,0,0,1,1,0,0,1,1,0,1,0,0,0,1,1,0,0,0,1,1,0,1,1,1,1,0,0,1,0,1,1,1,1,1,1,1,1,1,1,0,1,1,1,1,0
1,0,0,1,1,0,0,1,0,1,1,0,0,0,1,0,1,0,0,1,0,1,1,1,1,1,0,1,0,1,1,1,1,1,1,1,1,1,1,1,0,0,0,1,0,1
1,0,0,1,1,0,0,1,0,1,0,1,0,1,0,0,1,0,0,1,0,0,1,0,0,0,1,0,0,0,1,0,1,0,0,0,0,1,0,0,0,0,0,1,0,0
1,0,1,0,0,1,1,0,1,0,0,1,0,0,1,0,1,1,0,1,0,0,0,1,1,1,0,0,1,0,0,0,0,1,0,1,1,0,0,0,0,0,1,0,0,0
1,0,1,0,0,1,1,0,0,1,1,0,1,1,0,0,1,1,1,1,0,0,1,0,0,1,0,1,1,0,0,1,1,1,0,0,0,0,0,0,1,1,1,0,0,0
1,0,1,0,1,0,0,1,0,1,0,1,0,0,1,0,1,0,0,1,0,1,0,1,0,1,1,1,0,1,1,0,0,1,0,1,1,0,1,0,0,0,0,0,0,1
1,0,1,0,1,0,1,0,1,0,1,0,0,0,1,1,0,0,0,0,0,0,1,1,0,1,1,0,1,0,1,1,0,0,1,1,0,1,1,1,1,1,1,1,1,0
1,0,1,0,1,0,1,0,0,1,1,0,0,0,1,1,1,1,0,0,0,0,1,1,0,1,1,0,0,0,0,1,0,0,1,1,0,1,1,1,1,0,0,0,0,0
1,0,1,0,0,1,1,0,1,0,1,0,1,0,1,0,1,1,0,0,0,0,1,0,0,1,0,0,0,1,0,1,0,0,1,1,0,0,0,0,1,0,0,0,1,1
1,0,1,0,1,0,1,0,1,0,1,0,1,0,1,0,0,1,1,1,1,0,1,1,0,1,0,0,1,0,0,1,1,1,1,1,1,1,1,1,1,1,1,0,1,1
1,0,1,0,1,0,1,0,1,0,1,0,1,0,1,1,0,1,0,1,1,1,1,0,0,1,0,1,1,0,0,1,1,1,1,1,1,1,1,0,1,1,1,0,1,1
1,0,1,0,1,0,1,0,0,1,1,0,0,0,1,0,0,1,1,1,1,0,1,0,0,1,1,0,1,0,0,1,1,1,1,1,1,1,1,0,1,1,1,0,0,1
1,0,0,1,1,0,0,1,1,0,1,0,1,0,1,1,1,1,0,1,0,0,1,0,0,0,0,1,1,0,0,0,1,0,1,0,1,1,0,0,0,1,0,0,1,1
1,0,1,0,1,0,0,1,1,0,1,0,1,0,1,1,1,0,0,1,0,0,1,0,0,1,0,0,1,0,1,1,1,1,1,1,1,1,1,0,1,1,1,1,1,1
1,0,0,1,1,0,0,1,1,0,1,0,0,0,1,1,1,0,1,1,0,0,1,1,0,0,1,0,0,0,1,0,1,0,1,0,1,1,0,1,0,0,0,1,1,0
1,0,1,0,1,0,0,1,1,0,1,0,0,0,1,1,1,1,0,1,0,0,1,0,1,1,0,0,0,0,0,1,1,1,1,1,1,1,1,0,1,0,0,0,1,0
1,0,1,0,1,0,1,0,1,0,1,0,0,0,1,0,0,1,1,1,1,0,1,1,0,1,1,0,1,1,0,1,1,1,1,1,1,1,1,1,1,1,1,0,1,1
1,0,1,0,0,1,1,0,1,0,0,1,1,0,1,1,1,0,1,1,0,0,1,0,0,1,0,1,1,0,1,1,1,1,1,1,1,0,0,0,1,1,1,1,1,0
1,0,0,1,1,0,0,1,0,1,1,0,0,1,0,0,1,0,0,1,0,1,1,1,1,0,0,0,0,0,1,0,1,0,0,0,0,1,0,1,0,0,0,1,0,0
1,0,1,0,1,0,1,0,1,0,0,1,0,1,0,0,0,0,1,0,0,0,1,0,0,1,1,0,0,1,1,1,0,0,0,0,0,1,1,0,1,0,0,1,1,0
1,0,0,1,1,0,0,1,1,0,1,0,1,0,1,1,0,0,0,0,1,0,1,0,0,1,0,0,0,0,1,1,0,0,1,1,0,1,1,0,0,0,0,1,1,1
1,0,1,0,0,1,1,0,1,0,1,0,0,0,1,0,0,0,0,1,0,0,1,1,0,1,1,0,1,1,1,1,1,1,1,1,1,0,0,1,1,1,1,1,1,1
1,0,0,1,0,1,0,1,0,1,1,0,0,0,1,0,1,1,0,1,0,1,1,1,0,1,0,0,1,1,0,1,1,1,1,1,1,0,0,1,0,1,1,0,0,1
1,0,0,1,0,1,0,1,0,1,0,1,1,1,0,0,1,0,0,1,0,0,1,0,0,1,0,0,1,1,1,1,1,1,0,0,0,0,0,0,0,1,1,1,0,0
1,0,0,1,1,0,0,1,1,0,1,0,1,0,1,1,0,0,1,1,0,0,1,0,0,0,0,1,0,0,1,0,1,0,1,0,1,1,0,0,0,0,0,1,1,1
1,0,0,1,1,0,0,1,1,0,1,0,0,0,1,1,0,1,0,1,1,1,0,0,0,1,1,1,1,0,0,0,0,1,0,1,1,0,1,0,0,0,1,0,0,1
1,0,0,1,0,1,0,1,0,1,0,1,0,0,1,0,1,1,0,1,0,1,1,1,0,0,1,0,1,1,0,0,1,0,1,0,1,0,0,1,0,1,0,0,0,1
1,0,1,0,0,1,1,0,0,1,1,0,0,0,1,0,0,0,1,1,0,0,1,1,0,1,1,1,1,0,1,1,1,1,1,1,1,0,0,1,1,1,1,1,0,1
1,0,1,0,0,1,1,0,0,1,0,1,0,0,1,0,1,0,1,1,0,0,1,0,0,1,1,0,1,1,1,1,1,1,1,1,1,0,0,0,1,1,1,1,0,1
1,0,1,0,1,0,0,1,1,0,1,0,0,0,1,1,0,0,0,1,1,1,1,1,1,1,0,0,1,0,1,1,1,1,1,1,1,1,1,1,1,1,1,1,1,1
1,0,0,1,1,0,0,1,0,1,1,0,0,0,1,1,1,0,0,1,0,1,1,0,1,1,0,1,1,0,1,1,1,1,1,1,1,1,1,0,0,1,1,1,0,1
1,0,1,0,1,0,0,1,0,1,1,0,0,0,1,0,1,0,0,1,0,1,0,1,0,1,0,1,1,1,1,0,0,1,0,1,1,0,1,0,0,0,1,0,0,0
1,0,0,1,1,0,0,1,1,0,1,0,1,1,0,1,0,0,0,1,1,0,1,0,0,1,0,1,0,0,1,1,1,1,0,0,0,1,1,0,0,0,0,1,1,0
1,0,0,1,0,1,1,0,1,0,1,0,0,0,1,0,1,1,0,0,0,0,1,1,0,0,1,0,0,0,0,0,0,0,1,0,0,0,0,1,0,0,0,0,1,1
0,1,0,1,1,0,0,1,0,1,1,0,0,0,1,0,0,0,0,0,1,1,1,1,1,1,0,0,0,1,1,1,0,0,1,1,0,1,1,1,0,0,0,1,0,1
1,0,0,1,1,0,0,1,1,0,1,0,0,0,1,0,0,0,0,1,1,0,1,0,0,1,1,0,1,0,1,1,1,1,1,1,1,1,1,0,0,1,1,1,1,1
1,0,0,1,1,0,0,1,0,1,0,1,0,1,0,0,1,0,0,1,0,0,1,1,0,1,1,0,1,1,1,1,1,1,0,0,0,1,1,1,0,1,1,1,0,0
1,0,0,1,0,1,1,0,0,1,1,0,1,1,0,0,0,0,0,1,0,0,1,1,0,1,0,0,0,0,1,1,1,1,0,0,0,0,0,1,0,0,0,1,0,1
1,0,1,0,1,0,1,0,1,0,1,0,1,0,1,0,0,1,0,1,1,1,1,0,0,1,0,0,1,1,0,1,1,1,1,1,1,1,1,0,1,1,1,0,1,1
1,0,0,1,0,1,1,0,0,1,0,1,0,1,0,1,1,1,0,1,0,0,1,0,0,1,1,0,1,0,0,1,1,1,0,0,0,0,0,0,0,1,1,0,0,0
1,0,1,0,1,0,0,1,1,0,1,0,1,0,1,0,1,1,0,1,0,1,1,0,0,1,0,0,1,0,0,1,1,1,1,1,1,1,1,0,1,1,1,0,1,1
1,0,1,0,1,0,0,1,1,0,0,1,1,0,1,0,1,1,0,1,0,0,1,0,0,1,0,1,1,0,0,1,1,1,1,1,1,1,1,0,1,1,1,0,1,1
1,0,0,1,0,1,1,0,1,0,1,0,0,1,0,1,0,1,0,0,0,0,1,1,0,0,1,0,0,0,0,0,0,0,0,0,0,0,0,1,0,0,0,0,1,0
1,0,1,0,1,0,1,0,1,0,0,1,0,0,1,0,0,0,1,1,1,0,1,0,0,1,1,0,1,0,1,1,1,1,1,1,1,1,1,0,1,1,1,1,1,1
1,0,1,0,0,1,1,0,1,0,0,1,1,0,1,0,0,1,0,0,1,0,1,1,0,0,0,0,1,1,0,0,0,0,1,0,0,0,0,1,1,1,0,0,1,1
0,1,0,1,1,0,0,1,0,1,0,1,0,0,1,0,1,0,0,1,0,1,1,1,1,1,0,1,1,0,1,1,1,1,1,1,1,1,1,1,0,1,1,1,0,1
1,0,0,1,0,1,1,0,1,0,1,0,1,0,1,0,1,1,0,1,0,0,1,0,0,1,0,0,0,0,0,1,1,1,1,1,1,0,0,0,0,0,0,0,1,1
1,0,1,0,1,0,1,0,1,0,1,0,1,0,1,0,1,1,0,1,0,1,1,1,0,1,0,0,1,1,0,1,1,1,1,1,1,1,1,1,1,1,1,0,1,1
1,0,0,1,1,0,0,1,0,1,0,1,1,1,0,0,1,0,0,1,0,1,1,0,0,1,0,0,1,0,1,1,1,1,0,0,0,1,1,0,0,1,1,1,0,1
1,0,1,0,1,0,1,0,1,0,0,1,0,0,1,0,0,1,0,1,0,0,1,1,1,0,0,0,1,1,0,0,1,0,1,0,1,1,0,1,1,1,0,0,1,0
1,0,1,0,1,0,1,0,1,0,0,1,0,0,1,1,0,0,0,0,1,0,0,0,0,1,0,0,1,0,1,0,0,0,0,1,0,0,1,0,0,0,1,0,0,1
1,0,0,1,0,1,0,1,0,1,0,1,0,1,0,0,0,0,0,1,0,0,1,0,0,0,1,0,0,0,1,0,1,0,0,0,0,0,0,0,0,0,0,1,0,0
1,0,1,0,1,0,1,0,1,0,1,0,0,0,1,1,1,0,0,0,0,0,1,1,0,1,0,0,1,0,1,1,0,0,1,1,0,1,1,1,1,1,1,1,1,1
1,0,1,0,0,1,0,1,0,1,0,1,0,0,1,0,0,0,0,1,1,1,1,1,0,1,1,0,0,0,1,1,1,1,1,1,1,0,0,1,1,0,0,1,0,0
1,0,1,0,1,0,0,1,0,1,0,1,1,0,1,0,1,0,0,1,0,0,1,1,0,1,0,1,1,1,1,1,1,1,1,1,1,1,1,1,1,1,1,1,0,1
1,0,0,1,1,0,0,1,0,1,0,1,0,0,1,0,1,0,0,1,0,1,1,0,0,1,1,0,1,1,1,1,1,1,1,1,1,1,1,0,0,1,1,1,0,1
1,0,1,0,0,1,1,0,0,1,0,1,0,0,1,0,1,0,1,1,0,0,1,0,0,1,1,1,1,1,1,1,1,1,1,1,1,0,0,0,1,1,1,1,0,0
1,0,0,1,0,1,0,1,1,0,1,0,1,1,0,0,1,0,0,0,0,1,1,0,0,0,0,0,0,0,1,0,0,0,0,0,0,0,0,0,0,0,0,1,1,1
1,0,1,0,1,0,1,0,1,0,0,1,0,0,1,0,0,1,0,1,1,0,1,1,1,0,0,0,1,1,0,0,1,0,1,0,1,1,0,1,1,1,0,0,1,0
1,0,0,1,1,0,1,0,1,0,1,0,0,0,1,1,1,1,0,0,0,0,1,1,1,1,0,0,0,0,0,1,0,0,1,1,0,1,1,1,0,0,0,0,1,0
1,0,0,1,0,1,1,0,1,0,0,1,1,0,1,0,1,1,1,0,0,0,1,0,0,1,0,0,1,0,0,1,0,0,1,1,0,0,0,0,0,1,1,0,1,1
1,0,1,0,0,1,1,0,0,1,0,1,0,0,1,0,1,0,1,1,0,0,1,0,0,1,1,1,1,0,1,1,1,1,1,1,1,0,0,0,1,1,1,1,0,1
1,0,1,0,0,1,0,1,0,1,0,1,0,0,1,0,0,1,1,1,0,0,1,1,1,1,0,0,1,0,0,1,1,1,1,1,1,0,0,1,1,1,1,0,0,0
1,0,0,1,1,0,0,1,1,0,1,0,0,1,0,1,0,0,0,0,0,0,1,1,1,1,0,0,1,0,1,1,0,0,0,0,0,1,1,1,0,1,1,1,1,0
1,0,0,1,1,0,0,1,1,0,1,0,1,0,1,1,0,0,0,1,1,0,1,0,0,1,0,0,1,0,1,1,1,1,1,1,1,1,1,0,0,1,1,1,1,1
1,0,1,0,1,0,0,1,1,0,0,1,0,0,1,0,0,0,1,0,0,0,0,1,1,0,0,1,0,0,1,0,0,0,0,0,0,0,0,0,0,0,0,0,0,0
1,0,1,0,1,0,1,0,1,0,1,0,1,0,1,1,0,0,0,1,1,1,0,1,0,1,0,1,1,0,1,0,0,1,0,1,1,0,1,0,0,0,1,0,0,1
1,0,1,0,1,0,0,1,1,0,1,0,1,0,1,1,1,0,0,0,0,1,1,0,0,1,0,0,0,0,1,1,0,0,1,1,0,1,1,0,1,0,0,1,1,1
1,0,0,1,1,0,0,1,1,0,1,0,0,0,1,1,1,0,0,1,0,1,0,1,0,0,1,1,0,0,1,0,0,0,0,0,1,0,0,0,0,0,0,0,0,1
1,0,1,0,0,1,1,0,0,1,1,0,1,0,1,1,0,1,1,1,0,0,1,1,0,1,0,0,1,0,0,1,1,1,1,1,1,0,0,1,1,1,1,0,0,1
1,0,1,0,0,1,1,0,0,1,1,0,1,0,1,0,0,1,0,0,1,0,1,0,0,1,0,0,1,0,0,1,0,0,1,1,0,0,0,0,1,1,1,0,0,1
1,0,0,1,0,1,0,1,0,1,1,0,1,1,0,0,0,0,0,1,1,0,1,1,0,1,0,0,0,0,1,1,1,1,0,0,0,0,0,1,0,0,0,1,0,1
1,0,1,0,0,1,1,0,1,0,0,1,0,0,1,0,1,0,0,1,0,0,1,1,1,1,0,0,0,0,1,1,1,1,1,1,1,0,0,1,1,0,0,1,1,0
1,0,1,0,0,1,1,0,0,1,0,1,0,0,1,0,0,0,0,1,0,1,0,1,1,1,0,0,1,1,1,0,0,1,0,1,1,0,0,0,0,0,1,0,0,1
1,0,0,1,1,0,0,1,0,1,1,0,0,0,1,1,1,1,0,1,0,0,1,0,1,1,0,0,1,0,0,1,1,1,1,1,1,1,1,0,0,1,1,0,0,1
1,0,1,0,1,0,1,0,0,1,0,1,1,1,0,0,1,1,1,1,0,0,1,1,0,1,0,0,0,1,0,1,1,1,0,0,0,1,1,1,1,0,0,0,0,0
1,0,0,1,1,0,0,1,1,0,0,1,0,0,1,0,1,0,0,0,0,1,1,1,0,1,0,1,1,1,1,1,0,0,1,1,0,1,1,1,0,1,1,1,1,1
1,0,0,1,0,1,0,1,0,1,1,0,1,0,1,0,0,0,0,1,1,1,1,0,0,1,0,1,0,1,1,1,1,1,1,1,1,0,0,0,0,0,0,1,0,1
1,0,1,0,0,1,1,0,1,0,0,1,0,0,1,0,0,1,1,1,0,0,1,1,0,0,1,0,1,1,0,0,1,0,1,0,1,0,0,1,1,1,0,0,1,1
1,0,1,0,0,1,1,0,1,0,1,0,0,1,0,0,1,0,0,0,0,1,1,1,0,1,1,0,1,0,1,1,0,0,0,0,0,0,0,1,1,1,1,1,1,1
1,0,0,1,0,1,0,1,1,0,1,0,0,1,0,0,0,0,0,1,1,0,1,0,0,1,1,0,0,0,1,1,1,1,0,0,0,0,0,0,0,0,0,1,1,1
0,1,0,1,1,0,0,1,0,1,1,0,1,0,1,1,1,0,0,1,0,0,0,0,0,1,0,0,0,0,1,0,0,1,0,1,1,0,1,0,0,0,0,0,0,1
1,0,1,0,0,1,1,0,1,0,0,1,0,0,1,0,1,0,1,1,0,0,1,0,1,1,0,0,1,1,1,1,1,1,1,1,1,0,0,0,1,1,1,1,1,0
1,0,1,0,1,0,0,1,1,0,1,0,0,0,1,0,1,1,1,1,0,0,1,0,1,1,0,0,1,0,0,1,1,1,1,1,1,1,1,0,1,1,1,0,1,1
1,0,1,0,1,0,0,1,1,0,1,0,1,0,1,0,0,0,0,1,1,0,1,1,0,1,0,0,1,0,1,1,1,1,1,1,1,1,1,1,1,1,1,1,1,1
1,0,1,0,0,1,1,0,1,0,1,0,0,1,0,0,0,1,1,1,0,0,1,1,0,0,1,0,1,1,0,0,1,0,0,0,0,0,0,1,1,1,0,0,1,1
1,0,0,1,1,0,0,1,1,0,1,0,0,0,1,1,0,1,0,1,1,1,1,0,1,1,0,1,1,0,0,1,1,1,1,1,1,1,1,0,0,1,1,0,1,1
1,0,0,1,0,1,1,0,1,0,1,0,0,0,1,1,1,0,1,1,0,0,1,0,0,1,0,1,0,0,1,1,1,1,1,1,1,0,0,0,0,0,0,1,1,1
1,0,0,1,1,0,0,1,1,0,1,0,0,1,0,0,0,0,1,1,1,0,1,0,0,1,1,0,1,1,1,1,1,1,0,0,0,1,1,0,0,1,1,1,1,1
1,0,0,1,1,0,0,1,0,1,0,1,0,0,1,0,0,0,0,1,1,0,1,1,1,0,0,0,0,0,1,0,1,0,1,0,1,1,0,1,0,0,0,1,0,1
1,0,1,0,1,0,0,1,1,0,1,0,0,0,1,0,0,0,0,1,0,1,1,1,1,0,0,1,1,0,1,0,1,0,1,0,1,1,0,1,1,1,0,1,1,0
1,0,1,0,1,0,1,0,1,0,1,0,1,0,1,0,1,1,1,1,0,0,1,0,0,0,0,1,1,0,0,0,1,0,1,0,1,1,0,0,1,1,0,0,1,1
1,0,1,0,1,0,1,0,1,0,1,0,0,0,1,1,0,1,0,1,1,0,1,1,1,1,0,0,1,0,0,1,1,1,1,1,1,1,1,1,1,1,1,0,1,1
1,0,1,0,0,1,1,0,1,0,1,0,1,0,1,0,0,0,0,1,0,1,1,1,0,1,0,1,1,0,1,1,1,1,1,1,1,0,0,1,1,1,1,1,1,1
1,0,0,1,1,0,0,1,1,0,1,0,0,0,1,1,1,0,0,1,0,0,1,0,0,1,1,1,1,0,1,1,1,1,1,1,1,1,1,0,0,1,1,1,1,1
1,0,1,0,1,0,1,0,0,1,1,0,1,0,1,1,0,1,1,1,1,0,1,0,0,1,0,1,1,0,0,1,1,1,1,1,1,1,1,0,1,1,1,0,0,1
1,0,1,0,0,1,1,0,1,0,1,0,1,0,1,1,0,1,0,1,0,0,1,1,0,0,0,0,0,0,0,0,1,0,1,0,1,0,0,1,1,0,0,0,1,0
1,0,1,0,1,0,1,0,1,0,0,1,1,0,1,0,0,1,1,0,0,0,1,0,0,1,0,0,1,0,0,1,0,0,1,1,0,1,1,0,1,1,1,0,1,0
1,0,1,0,1,0,1,0,1,0,0,1,0,0,1,0,1,0,0,0,0,1,1,1,0,1,1,0,0,0,1,1,0,0,1,1,0,1,1,1,1,0,0,1,1,1
1,0,1,0,1,0,1,0,0,1,0,1,1,0,1,0,1,0,1,1,0,0,1,0,0,1,0,1,1,0,1,1,1,1,1,1,1,1,1,0,1,1,1,1,0,1
1,0,1,0,0,1,1,0,0,1,0,1,0,0,1,0,1,0,1,1,0,0,1,1,1,0,0,0,0,1,1,0,1,0,1,0,1,0,0,1,1,0,0,1,0,1
1,0,1,0,0,1,1,0,1,0,1,0,1,0,1,0,0,1,0,1,1,1,1,0,0,1,0,0,1,0,0,1,1,1,1,1,1,0,0,0,1,1,1,0,1,1
1,0,1,0,1,0,1,0,0,1,0,1,0,1,0,0,1,0,0,1,0,1,0,1,1,1,0,1,1,0,1,0,0,1,0,0,0,0,1,0,0,0,1,0,0,1
1,0,1,0,1,0,1,0,0,1,0,1,0,0,1,0,0,1,0,0,0,0,1,1,1,0,0,0,1,1,0,0,0,0,1,0,0,1,0,1,1,1,0,0,0,0
1,0,0,1,1,0,0,1,0,1,0,1,0,0,1,0,1,1,1,1,0,0,1,0,0,1,1,1,1,1,0,1,1,1,1,1,1,1,1,0,0,1,1,0,0,1
1,0,1,0,1,0,0,1,1,0,1,0,0,1,0,0,1,1,1,1,0,0,1,1,1,1,0,0,1,0,0,1,1,1,0,0,0,1,1,1,1,1,1,0,1,0
1,0,1,0,0,1,1,0,1,0,1,0,0,0,1,0,0,1,0,1,0,0,1,1,1,1,0,0,1,0,0,1,1,1,1,1,1,0,0,1,1,1,1,0,1,0
1,0,0,1,1,0,0,1,0,1,0,1,0,0,1,0,0,0,0,1,1,0,1,1,1,1,0,0,1,1,1,1,1,1,1,1,1,1,1,1,0,1,1,1,0,1
1,0,0,1,0,1,0,1,0,1,1,0,0,0,1,0,1,0,0,1,0,1,1,1,0,1,1,1,0,1,1,1,1,1,1,1,1,0,0,1,0,0,0,1,0,1
1,0,0,1,1,0,0,1,1,0,1,0,1,0,1,1,0,0,0,1,1,1,1,1,0,1,0,0,0,0,1,1,1,1,1,1,1,1,1,1,0,0,0,1,1,1
1,0,0,1,0,1,1,0,1,0,1,0,1,1,0,1,1,0,0,0,0,0,1,0,0,1,0,0,1,0,1,1,0,0,0,0,0,0,0,0,0,1,1,1,1,1
1,0,1,0,0,1,1,0,0,1,1,0,0,0,1,0,1,1,1,0,0,0,1,1,0,1,1,0,0,1,0,1,0,0,1,1,0,0,0,1,1,0,0,0,0,1
1,0,1,0,0,1,1,0,1,0,0,1,1,1,0,0,1,1,0,0,0,0,1,0,0,1,0,0,0,0,0,1,0,0,0,0,0,0,0,0,1,0,0,0,1,1
1,0,1,0,0,1,1,0,1,0,1,0,0,0,1,0,1,1,0,0,0,0,1,0,0,0,1,0,1,1,0,0,0,0,1,0,0,0,0,0,1,1,0,0,1,0
0,1,0,1,0,1,1,0,1,0,1,0,0,0,1,0,0,0,0,1,1,1,1,1,1,1,0,0,0,0,1,1,1,1,1,1,1,0,0,1,0,0,0,1,1,1
1,0,0,1,0,1,0,1,0,1,0,1,1,0,1,0,0,0,0,1,0,1,0,0,0,0,0,0,0,1,1,0,0,0,0,0,1,0,0,0,0,0,0,0,0,1
1,0,1,0,0,1,1,0,1,0,1,0,0,0,1,1,1,0,0,1,0,0,0,1,1,1,0,1,1,0,1,0,0,1,0,1,1,0,0,0,0,0,1,0,0,1
1,0,0,1,1,0,0,1,0,1,0,1,0,1,0,0,1,0,0,1,0,1,1,1,1,1,0,0,1,0,1,1,1,1,0,0,0,1,1,1,0,1,1,1,0,1
1,0,1,0,0,1,1,0,1,0,1,0,0,0,1,0,1,0,1,1,0,0,0,1,1,1,0,0,1,1,1,0,0,1,0,1,1,0,0,0,0,0,1,0,0,0
1,0,0,1,1,0,0,1,1,0,0,1,1,1,0,0,0,0,0,1,1,1,1,0,0,1,0,0,1,0,1,1,1,1,0,0,0,1,1,0,0,1,1,1,1,1
1,0,1,0,1,0,1,0,1,0,1,0,0,0,1,0,1,1,0,0,0,0,1,0,0,0,1,0,0,0,0,0,0,0,1,0,0,1,0,0,1,0,0,0,1,1
1,0,0,1,1,0,0,1,0,1,0,1,1,0,1,0,1,1,0,1,0,1,1,1,0,1,0,0,1,1,0,1,1,1,1,1,1,1,1,1,0,1,1,0,0,1
1,0,0,1,1,0,0,1,0,1,1,0,0,0,1,1,0,0,1,1,0,0,1,1,1,0,0,0,0,0,1,0,1,0,1,0,1,1,0,1,0,0,0,1,0,1
1,0,1,0,0,1,1,0,1,0,0,1,0,0,1,0,1,0,0,0,0,1,1,0,0,1,1,1,1,0,1,1,0,0,1,1,0,0,0,0,1,1,1,1,1,1
1,0,1,0,1,0,1,0,0,1,1,0,1,0,1,0,0,1,0,1,1,1,1,1,0,1,0,0,0,1,0,1,1,1,1,1,1,1,1,1,1,0,0,0,0,1
0,1,1,0,0,1,1,0,0,1,0,1,0,1,0,0,0,1,0,1,0,0,1,1,0,0,1,0,0,1,0,0,1,0,0,0,0,0,0,1,1,0,0,0,0,0
1,0,0,1,0,1,0,1,1,0,1,0,0,1,0,1,1,0,0,0,0,0,1,0,0,1,0,0,0,0,1,1,0,0,0,0,0,0,0,0,0,0,0,1,1,0
1,0,0,1,1,0,0,1,0,1,0,1,1,1,0,0,1,0,0,1,0,1,1,1,0,1,0,1,1,1,1,1,1,1,0,0,0,1,1,1,0,1,1,1,0,1
1,0,0,1,0,1,1,0,1,0,1,0,1,1,0,1,0,0,0,0,1,0,1,1,0,0,0,0,0,0,1,0,0,0,0,0,0,0,0,1,0,0,0,1,1,1
1,0,0,1,1,0,1,0,0,1,1,0,0,0,1,0,0,1,0,1,1,1,0,0,0,0,1,1,1,0,0,0,0,0,0,0,1,0,0,0,0,0,0,0,0,1
0,1,0,1,1,0,0,1,1,0,0,1,0,0,1,0,1,0,0,1,0,1,1,1,0,1,1,1,0,0,1,1,1,1,1,1,1,1,1,1,0,0,0,1,1,1
1,0,1,0,0,1,1,0,1,0,1,0,1,0,1,1,0,0,1,1,1,0,1,0,0,1,0,0,1,0,1,1,1,1,1,1,1,0,0,0,1,1,1,1,1,1
1,0,1,0,1,0,1,0,1,0,1,0,0,0,1,1,0,0,0,1,1,1,1,1,0,1,1,1,1,0,1,1,1,1,1,1,1,1,1,1,1,1,1,1,1,1
1,0,1,0,1,0,1,0,1,0,1,0,1,0,1,1,0,1,1,1,1,0,1,1,0,1,0,0,0,0,0,1,1,1,1,1,1,1,1,1,1,0,0,0,1,1
1,0,0,1,0,1,1,0,1,0,1,0,1,0,1,1,0,1,0,1,1,1,0,0,0,1,0,1,1,0,0,0,0,1,0,1,1,0,0,0,0,0,1,0,0,1
1,0,1,0,0,1,1,0,0,1,0,1,0,0,1,1,0,1,1,1,0,0,1,1,0,1,1,0,0,0,0,1,1,1,1,1,1,0,0,1,1,0,0,0,0,1
1,0,1,0,1,0,1,0,1,0,0,1,0,1,0,0,1,1,0,0,0,1,1,1,1,1,0,0,0,0,0,1,0,0,0,0,0,1,1,1,1,0,0,0,1,0
1,0,0,1,1,0,0,1,1,0,0,1,0,0,1,0,1,0,0,1,0,0,1,1,1,1,0,1,0,1,1,1,1,1,1,1,1,1,1,1,0,0,0,1,1,1
1,0,0,1,1,0,0,1,0,1,0,1,1,0,1,0,1,0,0,1,0,1,1,1,0,0,0,1,1,1,1,0,1,0,1,0,1,1,0,1,0,1,0,1,0,1
1,0,0,1,0,1,0,1,1,0,0,1,1,0,1,0,1,0,0,0,0,1,1,0,0,1,0,0,0,0,1,1,0,0,1,1,0,0,0,0,0,0,0,1,1,1
1,0,0,1,1,0,0,1,1,0,1,0,0,0,1,1,1,0,0,1,0,1,1,1,1,1,0,1,0,0,1,1,1,1,1,1,1,1,1,1,0,0,0,1,1,1
1,0,1,0,1,0,1,0,0,1,1,0,1,0,1,0,0,0,0,1,0,1,1,0,0,0,0,0,0,0,1,0,1,0,1,0,1,1,0,0,1,0,0,1,0,0
1,0,1,0,1,0,0,1,1,0,0,1,0,0,1,1,0,1,1,1,1,0,1,1,1,1,0,0,1,0,0,1,1,1,1,1,1,1,1,1,1,1,1,0,1,1
1,0,1,0,0,1,1,0,0,1,0,1,1,1,0,0,0,0,0,1,0,1,1,1,0,0,0,0,1,1,1,0,1,0,0,0,0,0,0,1,1,1,0,1,0,1
1,0,0,1,1,0,0,1,1,0,1,0,0,0,1,1,0,0,0,1,1,0,1,1,1,1,0,0,1,0,1,1,1,1,1,1,1,1,1,1,0,1,1,1,1,0
1,0,1,0,1,0,0,1,1,0,1,0,1,1,0,0,0,0,0,1,1,1,1,1,0,1,0,0,1,1,1,1,1,1,0,0,0,1,1,1,1,1,1,1,1,1
1,0,1,0,1,0,0,1,1,0,0,1,0,1,0,0,1,0,0,0,0,1,1,0,0,1,1,0,1,0,1,1,0,0,0,0,0,1,1,0,1,1,1,1,1,0
1,0,1,0,0,1,1,0,1,0,0,1,0,1,0,0,1,0,1,0,0,0,0,0,0,0,1,0,1,1,1,0,0,0,0,0,0,0,0,0,0,0,0,0,0,0
1,0,0,1,0,1,0,1,1,0,1,0,0,0,1,1,0,0,0,1,1,1,1,1,0,1,1,1,0,0,1,1,1,1,1,1,1,0,0,1,0,0,0,1,1,1
1,0,0,1,1,0,0,1,0,1,0,1,0,1,0,0,1,0,0,1,0,0,1,1,0,1,0,0,1,0,1,1,1,1,0,0,0,1,1,1,0,1,1,1,0,1
1,0,1,0,1,0,1,0,1,0,0,1,0,1,0,0,1,1,0,0,0,0,1,1,1,1,0,1,0,0,0,1,0,0,0,0,0,1,1,1,1,0,0,0,1,1
1,0,0,1,0,1,1,0,1,0,1,0,0,0,1,0,0,0,0,1,0,0,1,1,0,1,1,1,1,0,1,1,1,1,1,1,1,0,0,1,0,1,1,1,1,1
1,0,0,1,0,1,0,1,1,0,0,1,0,1,0,0,1,0,1,0,0,0,1,1,1,1,0,0,1,1,1,1,0,0,0,0,0,0,0,1,0,1,1,1,1,1
1,0,0,1,1,0,0,1,1,0,0,1,1,0,1,0,1,0,0,1,0,0,0,0,0,1,0,0,0,1,1,0,0,1,0,1,1,0,1,0,0,0,0,0,0,0
1,0,1,0,1,0,0,1,0,1,1,0,1,0,1,1,1,1,0,1,0,1,1,1,0,1,0,1,0,0,0,1,1,1,1,1,1,1,1,1,1,0,0,0,0,1
1,0,1,0,0,1,1,0,0,1,1,0,0,0,1,0,1,0,0,1,0,1,1,1,0,1,0,0,0,1,1,1,1,1,1,1,1,0,0,1,1,0,0,1,0,0
1,0,0,1,1,0,0,1,1,0,1,0,0,1,0,1,1,1,0,1,0,1,1,0,0,1,0,0,0,0,0,1,1,1,0,0,0,1,1,0,0,0,0,0,1,1
1,0,1,0,1,0,1,0,1,0,1,0,0,0,1,0,0,1,0,0,0,0,0,0,0,1,1,0,0,0,0,0,0,0,0,1,0,0,1,0,0,0,0,0,0,1
1,0,0,1,0,1,0,1,1,0,1,0,1,1,0,0,1,1,1,1,0,0,1,1,0,1,0,0,1,1,0,1,1,1,0,0,0,0,0,1,0,1,1,0,1,1
1,0,1,0,0,1,0,1,0,1,0,1,1,0,1,0,1,1,0,1,0,1,0,1,0,1,0,0,1,1,0,0,0,1,0,1,1,0,0,0,0,0,1,0,0,1
0,1,0,1,0,1,0,1,1,0,1,0,0,0,1,0,0,0,0,1,1,1,1,1,1,1,0,0,0,0,1,1,1,1,1,1,1,0,0,1,0,0,0,1,1,1
1,0,1,0,1,0,1,0,0,1,0,1,1,0,1,1,1,0,1,1,0,0,1,1,0,1,0,1,1,0,1,1,1,1,1,1,1,1,1,1,1,1,1,1,0,1
1,0,1,0,0,1,1,0,0,1,0,1,1,1,0,0,1,0,0,1,0,0,1,1,0,0,0,0,1,1,1,0,1,0,0,0,0,0,0,1,1,1,0,1,0,1
1,0,1,0,1,0,0,1,0,1,1,0,1,1,0,0,0,0,0,1,1,1,1,0,0,1,0,1,0,1,1,1,1,1,0,0,0,1,1,0,1,0,0,1,0,1
1,0,1,0,1,0,1,0,0,1,0,1,0,0,1,0,1,1,1,0,0,0,1,0,0,1,1,1,1,0,0,1,0,0,1,1,0,1,1,0,1,1,1,0,0,0
1,0,0,1,1,0,0,1,1,0,0,1,0,0,1,1,0,0,0,0,1,0,1,0,0,1,1,0,1,0,1,1,0,0,1,1,0,1,1,0,0,1,1,1,1,0
1,0,0,1,1,0,0,1,0,1,0,1,0,0,1,0,1,0,1,1,0,0,1,1,0,1,1,0,0,1,1,1,1,1,1,1,1,1,1,1,0,0,0,1,0,1
1,0,1,0,0,1,1,0,1,0,1,0,0,1,0,0,0,0,1,0,0,0,0,1,1,1,0,0,1,0,1,0,0,0,0,0,0,0,0,0,0,0,1,0,0,0
1,0,1,0,0,1,1,0,0,1,1,0,0,0,1,0,0,0,0,1,1,0,1,1,0,1,1,0,1,0,1,1,1,1,1,1,1,0,0,1,1,1,1,1,0,0
1,0,1,0,1,0,1,0,0,1,0,1,1,0,1,0,0,0,1,1,1,0,1,1,0,1,0,0,1,0,1,1,1,1,1,1,1,1,1,1,1,1,1,1,0,1
1,0,0,1,0,1,0,1,0,1,1,0,1,0,1,0,0,0,0,1,1,1,1,1,0,1,0,1,0,0,1,1,1,1,1,1,1,0,0,1,0,0,0,1,0,1
1,0,1,0,1,0,0,1,1,0,0,1,0,0,1,0,0,0,0,1,0,0,1,0,0,0,1,1,0,0,1,0,1,0,1,0,1,1,0,0,1,0,0,1,1,0
1,0,0,1,1,0,1,0,0,1,1,0,0,0,1,0,1,0,0,1,0,1,0,1,0,1,1,1,1,1,1,0,0,1,0,1,1,0,1,0,0,0,1,0,0,1
1,0,1,0,1,0,1,0,1,0,0,1,0,0,1,0,0,1,0,1,0,1,1,0,1,0,0,0,1,1,0,0,1,0,1,0,1,1,0,0,1,1,0,0,1,1
1,0,1,0,1,0,1,0,1,0,0,1,1,0,1,1,1,1,0,0,0,0,1,0,0,1,0,0,1,0,0,1,0,0,1,1,0,1,1,0,1,1,1,0,1,1
1,0,1,0,1,0,1,0,1,0,1,0,1,0,1,0,0,1,0,1,1,1,1,0,0,1,0,0,1,1,0,1,1,1,1,1,1,1,1,0,1,1,1,0,1,1
1,0,1,0,1,0,0,1,1,0,1,0,1,1,0,0,0,1,1,1,1,0,1,1,0,1,0,0,1,1,0,1,1,1,0,0,0,1,1,1,1,1,1,0,1,1
1,0,1,0,1,0,0,1,1,0,1,0,0,0,1,0,1,0,0,0,0,0,1,1,0,0,0,0,1,0,1,0,0,0,1,0,0,1,0,1,1,1,0,1,1,0
1,0,1,0,1,0,1,0,1,0,1,0,0,0,1,0,1,0,1,1,0,0,1,1,1,1,0,1,1,0,1,1,1,1,1,1,1,1,1,1,1,1,1,1,1,0
1,0,0,1,1,0,0,1,0,1,0,1,0,0,1,0,1,0,0,1,0,0,1,1,0,1,1,0,0,0,1,1,1,1,1,1,1,1,1,1,0,0,0,1,0,1
1,0,1,0,1,0,1,0,0,1,1,0,0,0,1,1,1,1,0,0,0,0,1,1,1,1,0,0,0,0,0,1,0,0,1,1,0,1,1,1,1,0,0,0,0,0
1,0,1,0,1,0,1,0,1,0,1,0,0,1,0,0,1,1,0,1,0,1,1,1,1,1,0,1,1,0,0,1,1,1,0,0,0,1,1,1,1,1,1,0,1,0
1,0,1,0,1,0,1,0,1,0,0,1,1,0,1,0,0,1,0,1,0,1,1,0,0,1,0,0,1,1,0,1,1,1,1,1,1,1,1,0,1,1,1,0,1,1
1,0,1,0,0,1,1,0,0,1,0,1,0,0,1,0,1,0,0,1,0,0,1,1,1,1,0,0,1,1,1,1,1,1,1,1,1,0,0,1,1,1,1,1,0,0
1,0,0,1,0,1,1,0,1,0,1,0,0,0,1,1,1,1,0,1,0,0,1,1,1,0,0,0,0,0,0,0,1,0,1,0,1,0,0,1,0,0,0,0,1,0
1,0,1,0,1,0,1,0,0,1,0,1,1,0,1,0,0,1,1,1,0,0,1,1,0,1,0,1,0,1,0,1,1,1,1,1,1,1,1,1,1,0,0,0,0,0
1,0,0,1,1,0,0,1,1,0,1,0,1,0,1,0,1,1,0,1,0,0,1,0,0,1,0,0,0,0,0,1,1,1,1,1,1,1,1,0,0,0,0,0,1,1
1,0,1,0,1,0,1,0,0,1,0,1,0,0,1,0,0,0,0,1,1,0,0,1,1,1,0,0,1,1,1,0,0,1,0,1,1,0,1,0,0,0,1,0,0,1
1,0,0,1,1,0,0,1,0,1,0,1,1,0,1,0,1,0,0,1,0,1,1,1,0,1,0,1,1,1,1,1,1,1,1,1,1,1,1,1,0,1,1,1,0,1
1,0,1,0,1,0,1,0,0,1,0,1,0,1,0,0,1,0,0,1,0,0,1,1,1,1,0,0,1,0,1,1,1,1,0,0,0,1,1,1,1,1,1,1,0,0
1,0,1,0,0,1,0,1,1,0,0,1,0,0,1,0,1,0,0,0,0,1,1,1,1,1,0,1,0,1,1,1,0,0,1,1,0,0,0,1,1,0,0,1,1,0
1,0,1,0,1,0,1,0,0,1,0,1,0,0,1,1,1,0,1,1,0,0,1,1,0,1,0,1,1,0,1,1,1,1,1,1,1,1,1,1,1,1,1,1,0,1
1,0,1,0,1,0,0,1,1,0,0,1,0,0,1,0,0,0,0,1,1,1,1,0,0,0,1,0,1,1,1,0,1,0,1,0,1,1,0,0,1,1,0,1,1,1
1,0,0,1,0,1,1,0,1,0,1,0,0,0,1,0,1,0,0,0,0,1,1,0,1,1,0,1,1,1,1,1,0,0,1,1,0,0,0,0,0,1,1,1,1,1
1,0,0,1,1,0,0,1,0,1,0,1,0,0,1,0,1,0,0,1,0,1,1,1,1,1,0,0,1,0,1,1,1,1,1,1,1,1,1,1,0,1,1,1,0,0
1,0,1,0,1,0,1,0,0,1,0,1,0,0,1,0,1,0,1,1,0,0,1,0,1,1,0,0,1,1,1,1,1,1,1,1,1,1,1,0,1,1,1,1,0,1
1,0,0,1,1,0,0,1,1,0,1,0,1,1,0,0,0,0,0,1,1,1,1,0,0,1,0,1,0,0,1,1,1,1,0,0,0,1,1,0,0,0,0,1,1,1
1,0,0,1,1,0,0,1,1,0,0,1,0,1,0,0,1,0,0,1,0,0,1,1,1,1,0,0,0,1,1,1,1,1,0,0,0,1,1,1,0,0,0,1,1,1
1,0,1,0,0,1,1,0,1,0,1,0,0,0,1,1,0,1,1,1,0,0,1,0,0,0,1,0,0,0,0,0,1,0,1,0,1,0,0,0,1,0,0,0,1,0
1,0,1,0,1,0,1,0,0,1,0,1,0,0,1,0,1,1,0,0,0,0,0,0,0,1,1,0,0,0,0,0,0,0,0,1,0,0,1,0,0,0,0,0,0,0
1,0,1,0,1,0,0,1,1,0,0,1,0,0,1,0,1,0,0,1,0,1,1,1,1,1,0,1,1,1,1,1,1,1,1,1,1,1,1,1,1,1,1,1,1,0
1,0,1,0,0,1,1,0,1,0,1,0,0,0,1,1,0,1,0,0,1,0,1,1,1,1,0,0,0,0,0,1,0,0,1,1,0,0,0,1,1,0,0,0,1,1
1,0,1,0,0,1,1,0,0,1,1,0,1,0,1,0,0,0,1,1,0,0,1,1,0,0,0,0,1,1,1,0,1,0,1,0,1,0,0,1,1,1,0,1,0,0
1,0,1,0,1,0,1,0,1,0,1,0,0,0,1,1,0,0,0,1,1,0,1,1,0,1,0,1,1,0,1,1,1,1,1,1,1,1,1,1,1,1,1,1,1,1
1,0,1,0,1,0,0,1,1,0,1,0,0,1,0,0,0,0,0,0,0,0,1,1,0,0,1,0,0,0,1,0,0,0,0,0,0,1,0,1,1,0,0,1,1,0
1,0,1,0,0,1,1,0,0,1,0,1,0,0,1,0,1,1,0,1,0,0,0,0,0,0,1,1,1,0,0,0,0,0,0,0,1,0,0,0,0,0,0,0,0,0
1,0,0,1,0,1,1,0,1,0,0,1,1,0,1,0,0,0,1,1,1,0,1,1,0,1,0,0,0,0,1,1,1,1,1,1,1,0,0,1,0,0,0,1,1,1
1,0,0,1,0,1,1,0,1,0,1,0,1,0,1,0,1,0,0,1,0,1,1,1,0,1,0,0,0,0,1,1,1,1,1,1,1,0,0,1,0,0,0,1,1,1
1,0,1,0,1,0,0,1,0,1,1,0,1,0,1,1,1,0,0,1,0,1,1,1,0,1,0,0,1,0,1,1,1,1,1,1,1,1,1,1,1,1,1,1,0,1
1,0,1,0,1,0,0,1,1,0,1,0,1,0,1,1,0,0,1,1,1,0,1,0,0,1,0,1,1,0,1,1,1,1,1,1,1,1,1,0,1,1,1,1,1,1
1,0,1,0,1,0,1,0,1,0,1,0,0,0,1,1,1,0,0,0,0,0,0,1,1,1,0,0,1,0,1,0,0,0,0,1,0,0,1,0,0,0,1,0,0,0
1,0,0,1,1,0,0,1,1,0,1,0,0,0,1,0,0,1,0,0,1,0,1,1,1,1,0,0,0,0,0,1,0,0,1,1,0,1,1,1,0,0,0,0,1,1
1,0,0,1,1,0,0,1,0,1,0,1,1,0,1,0,1,1,1,0,0,0,1,1,0,1,0,1,0,0,0,1,0,0,1,1,0,1,1,1,0,0,0,0,0,1
1,0,0,1,1,0,0,1,0,1,1,0,0,0,1,0,0,0,0,1,0,1,1,1,1,1,0,0,0,1,1,1,1,1,1,1,1,1,1,1,0,0,0,1,0,1
1,0,0,1,0,1,0,1,0,1,0,1,0,0,1,0,1,1,0,1,0,1,1,0,0,1,1,1,1,1,0,1,1,1,1,1,1,0,0,0,0,1,1,0,0,0
0,1,0,1,0,1,0,1,0,1,1,0,0,0,1,0,0,0,0,1,1,1,1,1,0,1,0,0,0,1,1,1,1,1,1,1,1,0,0,1,0,0,0,1,0,1
1,0,1,0,1,0,1,0,1,0,0,1,0,1,0,0,0,1,0,0,1,0,0,1,1,1,0,0,0,0,0,0,0,0,0,0,0,0,1,0,0,0,0,0,0,0
1,0,1,0,1,0,0,1,1,0,1,0,0,0,1,1,0,1,1,1,0,0,1,0,1,0,0,0,0,0,0,0,1,0,1,0,1,1,0,0,1,0,0,0,1,0
1,0,0,1,0,1,1,0,1,0,1,0,1,0,1,1,1,0,0,0,0,0,1,0,0,1,0,0,0,0,1,1,0,0,1,1,0,0,0,0,0,0,0,1,1,1
1,0,1,0,1,0,1,0,0,1,1,0,0,0,1,0,1,1,0,0,0,0,1,1,1,1,0,0,0,0,0,1,0,0,1,1,0,1,1,1,1,0,0,0,0,1
1,0,0,1,0,1,0,1,0,1,0,1,0,1,0,0,1,0,1,1,0,0,1,1,0,0,1,0,1,1,1,0,1,0,0,0,0,0,0,1,0,1,0,1,0,0
0,1,0,1,1,0,0,1,0,1,1,0,1,0,1,0,1,0,0,0,0,1,1,0,0,1,0,0,0,1,1,1,0,0,1,1,0,1,1,0,0,0,0,1,0,1
1,0,1,0,0,1,1,0,1,0,0,1,0,0,1,0,1,1,1,0,0,0,1,1,0,1,1,0,1,1,0,1,0,0,1,1,0,0,0,1,1,1,1,0,1,1
1,0,1,0,1,0,0,1,1,0,1,0,1,0,1,1,0,0,0,0,1,0,1,1,0,1,0,0,1,0,1,1,0,0,1,1,0,1,1,1,1,1,1,1,1,1
1,0,1,0,0,1,1,0,1,0,0,1,0,1,0,1,1,0,0,0,0,1,1,0,1,1,0,0,1,0,1,1,0,0,0,0,0,0,0,0,1,1,1,1,1,1
1,0,1,0,1,0,1,0,1,0,0,1,0,0,1,1,1,0,0,1,0,0,1,0,1,1,0,0,1,0,1,1,1,1,1,1,1,1,1,0,1,1,1,1,1,0
1,0,1,0,1,0,1,0,1,0,1,0,1,0,1,0,0,1,0,0,1,0,1,1,0,1,0,1,1,0,0,1,0,0,1,1,0,1,1,1,1,1,1,0,1,1
1,0,1,0,0,1,1,0,0,1,1,0,0,0,1,0,0,1,0,1,0,0,1,1,1,0,0,0,1,0,0,0,1,0,1,0,1,0,0,1,1,1,0,0,0,0
1,0,0,1,0,1,1,0,0,1,0,1,0,1,0,0,1,0,0,0,0,1,1,0,0,1,1,0,0,0,1,1,0,0,0,0,0,0,0,0,0,0,0,1,0,1
1,0,0,1,1,0,0,1,1,0,0,1,0,0,1,0,0,0,0,1,1,1,1,1,1,1,0,1,0,1,1,1,1,1,1,1,1,1,1,1,0,0,0,1,1,1
0,1,0,1,1,0,0,1,0,1,1,0,0,0,1,0,0,1,0,1,0,0,1,1,0,0,1,0,0,0,0,0,1,0,1,0,1,1,0,1,0,0,0,0,0,1
0,1,0,1,1,0,0,1,0,1,1,0,1,0,1,0,0,0,0,0,0,0,1,0,0,0,0,0,1,1,1,0,0,0,1,0,0,1,0,0,0,1,0,1,0,1
1,0,0,1,1,0,0,1,0,1,0,1,0,0,1,0,1,0,1,1,0,0,1,0,0,1,1,0,1,1,1,1,1,1,1,1,1,1,1,0,0,1,1,1,0,1
1,0,1,0,1,0,1,0,1,0,0,1,1,0,1,1,0,1,0,0,1,0,1,0,0,1,0,0,0,0,0,1,0,0,1,1,0,1,1,0,1,0,0,0,1,0
1,0,1,0,1,0,1,0,1,0,0,1,1,1,0,0,1,1,0,1,0,0,1,1,0,1,0,1,1,0,0,1,1,1,0,0,0,1,1,1,1,1,1,0,1,1
1,0,0,1,1,0,0,1,0,1,0,1,0,0,1,0,1,1,0,0,0,0,1,1,1,1,0,0,0,0,0,1,0,0,1,1,0,1,1,1,0,0,0,0,0,0
1,0,0,1,1,0,1,0,1,0,1,0,1,1,0,0,0,0,0,1,0,1,1,0,0,1,0,0,0,1,1,1,1,1,0,0,0,1,1,0,0,0,0,1,1,1
1,0,1,0,0,1,1,0,1,0,0,1,0,1,0,1,0,0,0,1,1,0,1,1,1,1,0,0,1,0,1,1,1,1,0,0,0,0,0,1,1,1,1,1,1,1
1,0,1,0,1,0,0,1,1,0,1,0,1,0,1,1,0,0,0,1,1,0,1,0,0,0,0,1,1,0,1,0,1,0,1,0,1,1,0,0,1,1,0,1,1,1
1,0,1,0,1,0,0,1,0,1,1,0,0,0,1,0,0,0,1,1,1,0,1,1,0,1,1,1,1,1,1,1,1,1,1,1,1,1,1,1,1,1,1,1,0,0
1,0,1,0,0,1,1,0,1,0,1,0,0,0,1,0,1,1,0,0,0,0,1,0,0,1,1,0,1,1,0,1,0,0,1,1,0,0,0,0,1,1,1,0,1,0
1,0,0,1,0,1,0,1,1,0,1,0,0,1,0,1,0,1,1,1,1,0,1,1,0,1,1,0,0,0,0,1,1,1,0,0,0,0,0,1,0,0,0,0,1,0
0,1,0,1,0,1,1,0,0,1,0,1,1,0,1,0,1,0,0,0,0,1,0,0,0,1,0,0,1,1,1,0,0,0,0,1,0,0,0,0,0,0,1,0,0,1
1,0,1,0,0,1,1,0,0,1,0,1,0,0,1,0,0,0,0,0,0,0,1,0,0,1,1,1,0,1,1,1,0,0,1,1,0,0,0,0,1,0,0,1,0,1
1,0,1,0,1,0,0,1,1,0,0,1,0,1,0,0,0,0,1,1,0,0,1,0,0,1,1,0,1,0,1,1,1,1,0,0,0,1,1,0,1,1,1,1,1,0
1,0,0,1,0,1,0,1,0,1,1,0,0,1,0,0,0,1,1,1,0,0,1,1,0,0,0,0,1,1,0,0,1,0,0,0,0,0,0,1,0,1,0,0,0,1
1,0,0,1,0,1,1,0,1,0,0,1,1,1,0,0,1,1,1,1,0,0,1,0,0,1,0,0,1,0,0,1,1,1,0,0,0,0,0,0,0,1,1,0,1,1
1,0,1,0,1,0,0,1,1,0,1,0,1,0,1,0,0,0,0,1,0,1,1,0,0,1,0,0,0,0,1,1,1,1,1,1,1,1,1,0,1,0,0,1,1,1
1,0,0,1,1,0,0,1,0,1,1,0,1,0,1,0,1,0,0,1,0,1,1,0,0,1,0,0,1,1,1,1,1,1,1,1,1,1,1,0,0,1,1,1,0,1
1,0,0,1,0,1,1,0,0,1,0,1,0,0,1,0,1,0,0,1,0,0,0,1,1,1,0,0,0,1,1,0,0,1,0,1,1,0,0,0,0,0,0,0,0,1
1,0,0,1,1,0,1,0,0,1,0,1,0,0,1,0,1,0,1,1,0,0,1,1,0,1,0,1,1,1,1,1,1,1,1,1,1,1,1,1,0,1,1,1,0,1
1,0,1,0,0,1,1,0,1,0,1,0,1,0,1,0,0,0,0,1,0,0,1,0,0,1,0,0,1,1,1,1,1,1,1,1,1,0,0,0,1,1,1,1,1,1
1,0,1,0,1,0,1,0,0,1,0,1,0,0,1,0,1,0,1,1,0,0,1,1,0,0,0,1,1,0,1,0,1,0,1,0,1,1,0,1,1,1,0,1,0,1
1,0,0,1,0,1,1,0,0,1,0,1,1,0,1,0,1,0,0,1,0,1,1,1,0,1,0,1,1,1,1,1,1,1,1,1,1,0,0,1,0,1,1,1,0,1
1,0,1,0,1,0,1,0,1,0,1,0,0,0,1,0,1,1,0,1,0,0,0,1,1,0,0,0,1,1,0,0,0,0,0,0,1,0,0,0,0,0,0,0,0,1
1,0,0,1,1,0,0,1,1,0,1,0,1,0,1,1,1,1,1,1,0,0,1,1,0,1,0,0,0,0,0,1,1,1,1,1,1,1,1,1,0,0,0,0,1,1
1,0,1,0,0,1,1,0,1,0,0,1,1,1,0,0,0,0,1,0,1,0,1,0,0,1,0,0,0,1,1,1,0,0,0,0,0,0,0,0,1,0,0,1,1,0
1,0,1,0,0,1,1,0,1,0,0,1,0,1,0,0,0,0,1,1,1,0,1,0,1,1,0,0,1,1,1,1,1,1,0,0,0,0,0,0,1,1,1,1,1,0
1,0,0,1,1,0,0,1,1,0,0,1,0,0,1,0,0,0,0,0,0,1,0,1,0,1,1,1,1,1,1,0,0,0,0,1,0,0,1,0,0,0,1,0,0,1
1,0,1,0,1,0,0,1,1,0,0,1,0,0,1,1,0,1,0,1,1,1,1,1,0,1,1,0,1,0,0,1,1,1,1,1,1,1,1,1,1,1,1,0,1,0
1,0,0,1,0,1,0,1,1,0,0,1,0,1,0,0,1,0,0,1,0,0,0,1,1,1,0,0,1,1,1,0,0,1,0,0,0,0,0,0,0,0,1,0,0,1
1,0,1,0,1,0,1,0,0,1,0,1,0,0,1,0,1,0,1,1,0,0,1,1,1,1,0,1,0,1,1,1,1,1,1,1,1,1,1,1,1,0,0,1,0,1
1,0,1,0,1,0,1,0,1,0,1,0,0,0,1,1,1,1,0,0,0,0,1,0,1,0,0,0,1,0,0,0,0,0,1,0,0,1,0,0,1,1,0,0,1,1
1,0,0,1,0,1,1,0,1,0,0,1,1,1,0,0,1,0,1,0,0,0,1,0,0,1,0,0,1,0,1,1,0,0,0,0,0,0,0,0,0,1,1,1,1,1
1,0,1,0,0,1,0,1,0,1,1,0,0,0,1,0,0,0,1,0,1,0,1,1,0,1,0,0,1,0,1,1,0,0,1,1,0,0,0,1,1,1,1,1,0,0
1,0,1,0,1,0,1,0,1,0,0,1,1,0,1,0,0,0,1,1,0,0,1,1,0,1,0,0,1,0,1,1,1,1,1,1,1,1,1,1,1,1,1,1,1,1
1,0,1,0,1,0,1,0,1,0,0,1,0,0,1,1,0,0,1,1,0,0,1,1,1,0,0,0,1,0,1,0,1,0,1,0,1,1,0,1,1,1,0,1,1,0
1,0,1,0,0,1,1,0,1,0,1,0,1,1,0,1,1,1,0,1,0,1,1,0,0,1,0,1,0,0,0,1,1,1,0,0,0,0,0,0,1,0,0,0,1,1
1,0,0,1,0,1,1,0,1,0,0,1,0,1,0,0,1,1,1,0,0,0,1,0,0,1,1,0,1,1,0,1,0,0,0,0,0,0,0,0,0,1,1,0,1,0
1,0,0,1,1,0,0,1,1,0,0,1,0,1,0,0,1,1,0,1,0,0,0,1,1,1,0,0,1,1,0,0,0,1,0,0,0,0,1,0,0,0,1,0,0,1
1,0,1,0,1,0,1,0,1,0,1,0,0,0,1,0,0,0,0,0,0,0,1,1,1,1,0,0,1,1,1,1,0,0,1,1,0,1,1,1,1,1,1,1,1,0
1,0,0,1,0,1,0,1,1,0,1,0,1,0,1,0,1,0,0,1,0,1,1,0,0,1,0,0,1,1,1,1,1,1,1,1,1,0,0,0,0,1,1,1,1,1
1,0,0,1,1,0,0,1,1,0,1,0,0,0,1,1,0,0,0,1,1,1,1,1,1,1,0,0,1,0,1,1,1,1,1,1,1,1,1,1,0,1,1,1,1,1
1,0,0,1,1,0,0,1,1,0,0,1,0,1,0,1,1,0,0,0,0,0,1,1,1,1,0,0,1,0,1,1,0,0,0,0,0,1,1,1,0,1,1,1,1,1
1,0,1,0,1,0,1,0,0,1,1,0,1,0,1,0,0,0,0,1,1,1,1,1,0,1,0,1,0,1,1,1,1,1,1,1,1,1,1,1,1,0,0,1,0,1
1,0,1,0,1,0,0,1,1,0,0,1,1,1,0,0,1,0,0,0,0,1,0,1,0,1,0,1,1,0,1,0,0,0,0,0,0,0,1,0,0,0,1,0,0,0
1,0,0,1,1,0,0,1,1,0,0,1,0,0,1,0,1,0,0,0,0,1,1,1,0,1,1,0,0,1,1,1,0,0,1,1,0,1,1,1,0,0,0,1,1,1
1,0,1,0,1,0,1,0,0,1,1,0,0,0,1,1,0,0,0,1,0,0,1,0,0,0,1,0,1,0,1,0,1,0,1,0,1,1,0,0,1,1,0,1,0,1
1,0,1,0,1,0,0,1,0,1,0,1,0,0,1,1,1,0,0,1,0,1,0,1,0,1,1,1,0,0,1,0,0,1,0,1,1,0,1,0,0,0,0,0,0,1
1,0,1,0,1,0,0,1,0,1,1,0,0,1,0,0,1,0,1,1,0,0,1,1,1,1,0,0,1,0,1,1,1,1,0,0,0,1,1,1,1,1,1,1,0,0
1,0,1,0,0,1,1,0,0,1,0,1,0,0,1,0,1,0,0,0,0,1,1,1,1,1,0,0,0,1,1,1,0,0,1,1,0,0,0,1,1,0,0,1,0,1
1,0,1,0,0,1,1,0,0,1,0,1,1,0,1,0,0,0,1,1,0,0,1,1,0,1,0,0,1,0,1,1,1,1,1,1,1,0,0,1,1,1,1,1,0,0
1,0,1,0,0,1,1,0,0,1,1,0,0,1,0,0,0,0,0,1,1,1,1,1,0,0,1,0,0,0,1,0,1,0,0,0,0,0,0,1,1,0,0,1,0,1
1,0,1,0,1,0,0,1,1,0,1,0,0,1,0,0,1,0,1,1,0,0,1,0,0,1,0,1,0,1,1,1,1,1,0,0,0,1,1,0,1,0,0,1,1,1
1,0,1,0,0,1,1,0,0,1,0,1,0,0,1,0,1,1,1,1,0,0,1,1,0,1,1,0,1,1,0,1,1,1,1,1,1,0,0,1,1,1,1,0,0,0
1,0,1,0,1,0,1,0,0,1,0,1,1,1,0,0,0,0,1,1,1,0,1,1,0,1,0,1,1,0,1,1,1,1,0,0,0,1,1,1,1,1,1,1,0,1
1,0,1,0,1,0,0,1,0,1,0,1,0,1,0,0,1,0,0,1,0,0,0,1,0,0,1,0,1,1,1,0,0,0,0,0,0,0,0,0,0,0,0,0,0,0
1,0,0,1,1,0,0,1,1,0,0,1,0,0,1,0,0,0,0,1,1,0,1,1,0,1,1,0,1,0,1,1,1,1,1,1,1,1,1,1,0,1,1,1,1,1
1,0,1,0,1,0,1,0,0,1,1,0,0,0,1,0,1,1,1,1,0,0,1,0,0,1,1,1,1,0,0,1,1,1,1,1,1,1,1,0,1,1,1,0,0,1
0,1,1,0,0,1,1,0,0,1,0,1,0,0,1,0,1,0,0,1,0,1,0,0,1,1,0,0,0,0,1,0,0,1,0,1,1,0,0,0,0,0,0,0,0,1
1,0,1,0,1,0,0,1,0,1,0,1,1,1,0,0,1,0,1,1,0,0,1,0,0,1,0,1,1,0,1,1,1,1,0,0,0,1,1,0,1,1,1,1,0,1
1,0,1,0,1,0,1,0,0,1,1,0,0,1,0,1,1,1,0,0,0,0,1,1,0,1,1,0,0,0,0,1,0,0,0,0,0,1,1,1,1,0,0,0,0,0
1,0,0,1,1,0,0,1,1,0,1,0,1,1,0,0,1,1,0,1,0,0,1,0,0,1,0,0,1,0,0,1,1,1,0,0,0,1,1,0,0,1,1,0,1,1
0,1,0,1,1,0,0,1,1,0,0,1,1,0,1,1,0,0,0,1,1,1,1,1,0,1,0,0,0,0,1,1,1,1,1,1,1,1,1,1,0,0,0,1,1,1
1,0,0,1,1,0,0,1,1,0,1,0,0,0,1,0,0,1,0,0,1,0,1,0,0,1,0,1,1,1,0,1,0,0,1,1,0,1,1,0,0,1,1,0,1,0
1,0,1,0,1,0,0,1,1,0,0,1,0,0,1,1,0,0,0,1,1,1,0,1,0,1,1,0,1,0,1,0,0,1,0,1,1,0,1,0,0,0,1,0,0,0
1,0,1,0,0,1,1,0,0,1,0,1,0,0,1,0,1,0,0,1,0,0,1,1,0,1,1,0,1,0,1,1,1,1,1,1,1,0,0,1,1,1,1,1,0,1
1,0,1,0,0,1,1,0,1,0,0,1,0,1,0,0,1,0,0,0,0,0,1,0,0,1,1,1,0,0,1,1,0,0,0,0,0,0,0,0,1,0,0,1,1,1
1,0,0,1,0,1,1,0,0,1,1,0,0,0,1,0,0,0,0,0,1,1,1,1,1,1,0,0,1,1,1,1,0,0,1,1,0,0,0,1,0,1,1,1,0,1
1,0,0,1,1,0,0,1,0,1,1,0,1,0,1,1,1,0,1,1,0,0,1,0,0,1,0,1,1,0,1,1,1,1,1,1,1,1,1,0,0,1,1,1,0,1
1,0,1,0,1,0,0,1,0,1,0,1,0,1,0,0,0,1,0,0,0,0,1,0,0,1,1,1,1,0,0,1,0,0,0,0,0,1,1,0,1,1,1,0,0,1
1,0,0,1,0,1,0,1,0,1,0,1,1,1,0,0,0,1,1,0,1,0,1,1,0,1,0,1,1,0,0,1,0,0,0,0,0,0,0,1,0,1,1,0,0,1
1,0,0,1,1,0,0,1,0,1,1,0,1,0,1,1,0,1,1,1,1,0,1,0,0,1,0,0,1,0,0,1,1,1,1,1,1,1,1,0,0,1,1,0,0,1
1,0,0,1,0,1,0,1,1,0,0,1,0,1,0,0,1,0,1,0,0,0,1,1,1,1,0,0,1,1,1,1,0,0,0,0,0,0,0,1,0,1,1,1,1,0
1,0,0,1,0,1,0,1,1,0,0,1,0,0,1,0,1,0,1,1,0,0,1,1,0,0,1,0,0,0,1,0,1,0,1,0,1,0,0,1,0,0,0,1,1,0
1,0,1,0,1,0,1,0,1,0,1,0,0,0,1,0,0,0,1,1,1,0,0,1,1,1,0,0,0,0,1,0,0,1,0,1,1,0,1,0,0,0,0,0,0,1
1,0,0,1,0,1,0,1,0,1,1,0,0,1,0,0,1,1,1,0,0,0,1,1,0,1,0,1,0,1,0,1,0,0,0,0,0,0,0,1,0,0,0,0,0,1
1,0,0,1,1,0,0,1,1,0,1,0,1,0,1,0,0,0,0,1,0,1,1,1,0,0,0,1,1,1,1,0,1,0,1,0,1,1,0,1,0,1,0,1,1,1
1,0,0,1,0,1,1,0,1,0,0,1,1,1,0,0,1,0,0,0,0,1,1,0,0,1,0,0,1,0,1,1,0,0,0,0,0,0,0,0,0,1,1,1,1,1
1,0,1,0,1,0,0,1,0,1,0,1,0,0,1,0,0,1,0,1,1,1,1,0,1,1,0,0,1,0,0,1,1,1,1,1,1,1,1,0,1,1,1,0,0,1
1,0,1,0,1,0,0,1,1,0,1,0,0,0,1,1,0,0,0,1,1,1,1,0,0,1,1,0,1,0,1,1,1,1,1,1,1,1,1,0,1,1,1,1,1,1
1,0,1,0,0,1,1,0,0,1,0,1,0,1,0,0,0,0,1,1,0,0,1,0,0,1,1,0,1,0,1,1,1,1,0,0,0,0,0,0,1,1,1,1,0,1
1,0,1,0,1,0,1,0,0,1,0,1,0,1,0,0,1,1,1,1,0,0,1,1,1,1,0,1,1,1,0,1,1,1,0,0,0,1,1,1,1,1,1,0,0,0
1,0,1,0,1,0,0,1,1,0,1,0,0,0,1,1,0,0,1,1,1,0,1,1,1,1,0,0,0,0,1,1,1,1,1,1,1,1,1,1,1,0,0,1,1,0
1,0,0,1,0,1,0,1,1,0,1,0,0,0,1,0,1,0,0,1,0,0,0,1,1,1,0,0,0,1,1,0,0,1,0,1,1,0,0,0,0,0,0,0,0,1
1,0,1,0,1,0,1,0,1,0,0,1,1,1,0,0,1,0,1,1,0,0,1,0,0,1,0,1,1,1,1,1,1,1,0,0,0,1,1,0,1,1,1,1,1,1
1,0,1,0,1,0,1,0,1,0,1,0,1,0,1,1,0,0,0,1,1,1,1,0,0,1,0,0,1,0,1,1,1,1,1,1,1,1,1,0,1,1,1,1,1,1
1,0,1,0,1,0,1,0,0,1,1,0,1,0,1,0,1,0,0,1,0,1,1,0,0,0,0,0,1,1,1,0,1,0,1,0,1,1,0,0,1,1,0,1,0,0
1,0,0,1,1,0,0,1,0,1,0,1,0,1,0,0,1,0,1,0,0,0,1,0,1,1,0,0,1,1,1,1,0,0,0,0,0,1,1,0,0,1,1,1,0,0
1,0,1,0,1,0,0,1,1,0,0,1,1,1,0,0,1,0,0,0,0,0,1,0,0,1,0,0,1,0,1,1,0,0,0,0,0,1,1,0,1,1,1,1,1,1
1,0,0,1,1,0,1,0,1,0,1,0,0,0,1,0,0,1,1,1,1,0,1,0,0,1,1,0,0,0,0,1,1,1,1,1,1,1,1,0,0,0,0,0,1,1
1,0,0,1,1,0,0,1,1,0,1,0,1,0,1,1,0,0,0,1,1,1,1,1,0,1,0,1,1,0,1,1,1,1,1,1,1,1,1,1,0,1,1,1,1,1
1,0,0,1,1,0,0,1,0,1,1,0,1,0,1,1,0,1,0,0,1,0,1,0,0,1,0,1,0,0,0,1,0,0,1,1,0,1,1,0,0,0,0,0,0,1
1,0,0,1,1,0,0,1,1,0,0,1,0,1,0,0,1,0,0,1,0,1,1,1,0,1,1,0,1,1,1,1,1,1,0,0,0,1,1,1,0,1,1,1,1,0
1,0,1,0,1,0,1,0,1,0,1,0,1,0,1,0,0,1,0,1,1,0,1,0,0,1,0,0,1,0,0,1,1,1,1,1,1,1,1,0,1,1,1,0,1,1
1,0,0,1,0,1,1,0,0,1,0,1,1,0,1,0,1,0,0,1,0,1,0,0,0,1,0,0,1,1,1,0,0,1,0,1,1,0,0,0,0,0,1,0,0,1
1,0,1,0,1,0,1,0,0,1,1,0,0,0,1,1,1,0,1,1,0,0,1,1,1,1,0,0,1,0,1,1,1,1,1,1,1,1,1,1,1,1,1,1,0,0
1,0,1,0,1,0,1,0,1,0,0,1,0,0,1,0,0,0,1,1,0,0,1,1,1,0,0,0,1,0,1,0,1,0,1,0,1,1,0,1,1,1,0,1,1,0
1,0,0,1,0,1,1,0,0,1,0,1,0,0,1,0,1,1,0,1,0,0,1,0,0,1,1,0,0,0,0,1,1,1,1,1,1,0,0,0,0,0,0,0,0,0
1,0,1,0,0,1,1,0,0,1,1,0,0,0,1,0,1,0,0,1,0,0,1,0,1,1,0,0,1,0,1,1,1,1,1,1,1,0,0,0,1,1,1,1,0,0
1,0,1,0,1,0,0,1,1,0,1,0,1,1,0,0,1,1,1,1,0,0,1,0,0,1,0,0,1,0,0,1,1,1,0,0,0,1,1,0,1,1,1,0,1,1
0,1,0,1,1,0,0,1,0,1,1,0,0,0,1,0,1,0,0,1,0,1,0,1,0,1,1,1,1,1,1,0,0,1,0,1,1,0,1,0,0,0,1,0,0,1
1,0,0,1,0,1,1,0,0,1,1,0,0,1,0,0,1,0,0,1,0,1,0,1,0,1,1,1,1,0,1,0,0,1,0,0,0,0,0,0,0,0,1,0,0,1
1,0,0,1,0,1,1,0,0,1,1,0,1,0,1,0,1,0,1,1,0,0,1,1,0,1,0,0,1,0,1,1,1,1,1,1,1,0,0,1,0,1,1,1,0,1
1,0,1,0,1,0,1,0,1,0,0,1,0,0,1,0,1,0,0,0,0,0,0,0,0,1,1,1,1,1,1,0,0,0,0,1,0,0,1,0,0,0,1,0,0,0
1,0,0,1,0,1,0,1,1,0,0,1,0,0,1,0,0,0,0,1,1,0,1,1,1,1,0,0,1,1,1,1,1,1,1,1,1,0,0,1,0,1,1,1,1,1
1,0,0,1,0,1,0,1,0,1,0,1,1,0,1,1,1,1,0,1,0,1,1,0,0,1,0,0,1,0,0,1,1,1,1,1,1,0,0,0,0,1,1,0,0,1
1,0,1,0,1,0,1,0,1,0,0,1,1,0,1,0,0,1,0,1,1,0,1,0,0,1,0,0,1,0,0,1,1,1,1,1,1,1,1,0,1,1,1,0,1,1
1,0,1,0,1,0,0,1,1,0,0,1,1,0,1,0,0,1,0,1,1,0,1,0,0,1,0,1,1,1,0,1,1,1,1,1,1,1,1,0,1,1,1,0,1,1
1,0,1,0,1,0,1,0,1,0,1,0,0,0,1,0,1,1,1,1,0,0,1,1,0,1,1,0,1,0,0,1,1,1,1,1,1,1,1,1,1,1,1,0,1,0
1,0,1,0,1,0,1,0,0,1,1,0,1,1,0,0,0,1,1,1,1,0,1,1,0,1,0,1,1,1,0,1,1,1,0,0,0,1,1,1,1,1,1,0,0,1
1,0,0,1,0,1,0,1,0,1,0,1,0,0,1,0,0,1,0,1,0,1,1,1,0,1,1,0,0,1,0,1,1,1,1,1,1,0,0,1,0,0,0,0,0,1
1,0,1,0,0,1,1,0,1,0,0,1,0,1,0,1,0,0,0,0,1,0,1,0,0,1,1,0,1,0,1,1,0,0,0,0,0,0,0,0,1,1,1,1,1,1
1,0,1,0,0,1,1,0,1,0,1,0,1,0,1,0,0,1,0,1,1,0,1,0,0,1,0,0,0,0,0,1,1,1,1,1,1,0,0,0,1,0,0,0,1,1
1,0,0,1,0,1,0,1,0,1,1,0,0,0,1,0,1,1,0,1,0,1,1,1,1,0,0,0,0,1,0,0,1,0,1,0,1,0,0,1,0,0,0,0,0,1
0,1,0,1,0,1,0,1,0,1,0,1,0,0,1,0,1,0,0,1,0,1,1,0,0,1,0,0,0,0,1,1,1,1,1,1,1,0,0,0,0,0,0,1,0,1
1,0,1,0,0,1,1,0,0,1,1,0,1,0,1,0,0,0,0,0,1,0,1,0,0,1,0,0,1,1,1,1,0,0,1,1,0,0,0,0,1,1,1,1,0,0
1,0,0,1,0,1,0,1,0,1,0,1,1,0,1,1,0,0,0,1,1,0,1,1,0,1,0,1,1,0,1,1,1,1,1,1,1,0,0,1,0,1,1,1,0,1
1,0,1,0,1,0,0,1,0,1,0,1,0,0,1,0,1,0,0,1,0,0,1,1,0,1,1,0,1,0,1,1,1,1,1,1,1,1,1,1,1,1,1,1,0,1
1,0,0,1,1,0,0,1,0,1,0,1,0,0,1,0,1,0,0,1,0,1,1,1,0,1,0,0,1,0,1,1,1,1,1,1,1,1,1,1,0,1,1,1,0,1
1,0,1,0,1,0,0,1,0,1,0,1,0,0,1,0,1,0,1,1,0,0,1,1,0,1,1,0,1,0,1,1,1,1,1,1,1,1,1,1,1,1,1,1,0,1
1,0,1,0,1,0,1,0,1,0,1,0,0,0,1,0,0,1,0,1,1,0,1,1,0,0,1,0,0,0,0,0,1,0,1,0,1,1,0,1,1,0,0,0,1,1
1,0,0,1,1,0,0,1,0,1,1,0,1,0,1,1,0,0,0,1,1,1,1,1,0,1,0,0,0,0,1,1,1,1,1,1,1,1,1,1,0,0,0,1,0,1
1,0,0,1,1,0,0,1,1,0,0,1,0,0,1,0,0,0,0,1,0,1,1,1,0,0,1,1,0,1,1,0,1,0,1,0,1,1,0,1,0,0,0,1,1,1
1,0,0,1,1,0,0,1,1,0,0,1,0,0,1,0,1,0,0,0,0,0,1,1,1,1,0,0,1,0,1,1,0,0,1,1,0,1,1,1,0,1,1,1,1,0
1,0,1,0,1,0,0,1,0,1,1,0,0,0,1,0,0,0,0,1,1,1,1,0,0,0,0,0,0,0,1,0,1,0,1,0,1,1,0,0,1,0,0,1,0,0
1,0,1,0,1,0,1,0,0,1,0,1,0,0,1,0,1,1,0,0,0,0,1,1,1,1,0,0,0,0,0,1,0,0,1,1,0,1,1,1,1,0,0,0,0,1
1,0,0,1,1,0,0,1,0,1,0,1,0,0,1,0,0,1,0,1,1,0,1,0,0,1,0,1,1,0,0,1,1,1,1,1,1,1,1,0,0,1,1,0,0,1
1,0,1,0,1,0,1,0,1,0,1,0,0,0,1,0,1,1,0,1,0,0,1,1,1,1,0,0,0,1,0,1,1,1,1,1,1,1,1,1,1,0,0,0,1,1
1,0,0,1,1,0,0,1,0,1,1,0,1,0,1,0,1,0,0,1,0,0,1,1,0,1,0,1,1,0,1,1,1,1,1,1,1,1,1,1,0,1,1,1,0,1
1,0,1,0,1,0,1,0,1,0,1,0,0,0,1,1,0,1,1,1,1,0,1,1,1,0,0,0,0,0,0,0,1,0,1,0,1,1,0,1,1,0,0,0,1,1
1,0,1,0,0,1,1,0,1,0,0,1,0,0,1,0,0,1,0,1,0,0,1,0,0,1,1,0,0,0,0,1,1,1,1,1,1,0,0,0,1,0,0,0,1,1
1,0,0,1,1,0,0,1,0,1,0,1,0,0,1,0,1,0,1,1,0,0,1,0,1,1,0,0,1,1,1,1,1,1,1,1,1,1,1,0,0,1,1,1,0,0
1,0,0,1,0,1,0,1,0,1,0,1,1,1,0,0,0,0,0,1,1,0,1,0,0,1,0,1,1,1,1,1,1,1,0,0,0,0,0,0,0,1,1,1,0,1
1,0,0,1,0,1,1,0,0,1,0,1,0,1,0,0,1,0,0,1,0,1,1,1,0,1,1,1,1,0,1,1,1,1,0,0,0,0,0,1,0,1,1,1,0,1
1,0,0,1,1,0,1,0,0,1,0,1,1,0,1,0,0,1,0,0,1,0,1,1,0,1,0,0,1,1,0,1,0,0,1,1,0,1,1,1,0,1,1,0,0,1
1,0,0,1,0,1,0,1,1,0,0,1,1,0,1,1,1,0,1,1,0,0,1,1,0,1,0,0,1,0,1,1,1,1,1,1,1,0,0,1,0,1,1,1,1,1
1,0,1,0,1,0,1,0,1,0,1,0,0,1,0,1,0,1,0,0,0,0,1,0,0,0,1,0,0,0,0,0,0,0,0,0,0,1,0,0,1,0,0,0,1,0
1,0,0,1,0,1,1,0,0,1,0,1,0,0,1,0,1,0,1,1,0,0,1,1,0,1,1,0,1,0,1,1,1,1,1,1,1,0,0,1,0,1,1,1,0,1
1,0,1,0,1,0,0,1,1,0,1,0,0,1,0,1,1,0,1,1,0,0,1,1,1,1,0,1,1,0,1,1,1,1,0,0,0,1,1,1,1,1,1,1,1,1
1,0,1,0,1,0,1,0,0,1,1,0,1,0,1,1,1,1,1,1,0,0,1,0,0,1,0,1,0,0,0,1,1,1,1,1,1,1,1,0,1,0,0,0,0,1
1,0,1,0,0,1,1,0,1,0,1,0,0,1,0,1,0,1,0,0,1,1,1,1,1,0,0,0,1,0,0,0,0,0,0,0,0,0,0,1,1,1,0,0,1,0
1,0,1,0,0,1,1,0,0,1,0,1,1,1,0,0,0,1,1,1,0,0,1,1,0,1,0,0,1,1,0,1,1,1,0,0,0,0,0,1,1,1,1,0,0,1
1,0,1,0,1,0,0,1,1,0,1,0,1,0,1,1,1,1,1,1,0,0,1,0,0,1,0,1,1,0,0,1,1,1,1,1,1,1,1,0,1,1,1,0,1,1
1,0,1,0,1,0,0,1,0,1,1,0,0,0,1,1,1,0,0,1,0,1,0,1,1,1,0,0,1,0,1,0,0,1,0,1,1,0,1,0,0,0,1,0,0,0
1,0,1,0,1,0,0,1,1,0,1,0,0,1,0,0,0,1,1,0,0,0,1,0,0,1,1,0,1,1,0,1,0,0,0,0,0,1,1,0,1,1,1,0,1,1
1,0,1,0,0,1,1,0,1,0,0,1,1,1,0,0,1,1,1,0,0,0,1,0,0,1,0,0,1,1,0,1,0,0,0,0,0,0,0,0,1,1,1,0,1,1
1,0,0,1,1,0,0,1,0,1,0,1,1,1,0,0,1,0,0,1,0,1,0,0,0,1,0,1,1,1,1,0,0,1,0,0,0,0,1,0,0,0,1,0,0,1
1,0,0,1,0,1,0,1,1,0,1,0,0,0,1,0,0,0,0,1,1,1,1,1,0,1,1,0,0,0,1,1,1,1,1,1,1,0,0,1,0,0,0,1,1,1
1,0,1,0,0,1,0,1,1,0,1,0,0,1,0,1,1,0,0,1,0,0,1,1,0,1,1,0,1,0,1,1,1,1,0,0,0,0,0,1,1,1,1,1,1,0
1,0,0,1,0,1,1,0,0,1,1,0,1,1,0,0,0,0,0,1,1,1,1,1,0,1,0,0,1,0,1,1,1,1,0,0,0,0,0,1,0,1,1,1,0,1
1,0,1,0,1,0,1,0,0,1,0,1,1,1,0,0,1,1,0,1,0,0,1,1,0,1,0,0,0,0,0,1,1,1,0,0,0,1,1,1,1,0,0,0,0,1
1,0,1,0,1,0,1,0,1,0,1,0,0,0,1,1,1,0,0,0,0,0,1,0,1,1,0,0,1,0,1,1,0,0,1,1,0,1,1,0,1,1,1,1,1,0
1,0,0,1,1,0,1,0,1,0,1,0,1,0,1,1,1,1,1,1,0,0,1,0,0,1,0,0,1,0,0,1,1,1,1,1,1,1,1,0,0,1,1,0,1,1
1,0,1,0,1,0,0,1,1,0,0,1,0,1,0,0,1,1,1,1,0,0,1,1,0,1,1,0,0,0,0,1,1,1,0,0,0,1,1,1,1,0,0,0,1,0
1,0,0,1,1,0,0,1,1,0,1,0,0,0,1,0,1,0,0,1,0,1,1,0,0,1,1,0,0,0,1,1,1,1,1,1,1,1,1,0,0,0,0,1,1,1
1,0,1,0,1,0,1,0,0,1,1,0,1,0,1,1,1,1,1,1,0,0,1,0,0,1,0,0,0,0,0,1,1,1,1,1,1,1,1,0,1,0,0,0,0,1
1,0,1,0,1,0,1,0,1,0,1,0,0,0,1,0,1,0,1,1,0,0,1,0,0,1,1,0,1,1,1,1,1,1,1,1,1,1,1,0,1,1,1,1,1,1
1,0,1,0,1,0,0,1,1,0,1,0,1,0,1,1,1,0,1,1,0,0,1,0,0,1,0,1,1,0,1,1,1,1,1,1,1,1,1,0,1,1,1,1,1,1
1,0,1,0,0,1,1,0,0,1,0,1,0,0,1,0,0,0,0,1,0,0,1,1,1,0,0,0,1,0,1,0,1,0,1,0,1,0,0,1,1,1,0,1,0,0
1,0,0,1,0,1,0,1,1,0,1,0,1,0,1,0,1,0,0,0,0,0,1,0,0,1,0,0,1,1,1,1,0,0,1,1,0,0,0,0,0,1,1,1,1,1
1,0,0,1,0,1,0,1,0,1,1,0,0,1,0,1,1,1,0,1,0,0,1,1,1,0,0,0,1,0,0,0,1,0,0,0,0,0,0,1,0,1,0,0,0,1
1,0,0,1,0,1,0,1,0,1,0,1,1,0,1,0,1,0,0,0,0,0,1,1,0,1,0,0,1,1,1,1,0,0,1,1,0,0,0,1,0,1,1,1,0,1
1,0,1,0,1,0,1,0,1,0,0,1,0,0,1,1,0,0,0,0,0,0,1,1,1,0,0,0,1,0,1,0,0,0,1,0,0,1,0,1,1,1,0,1,1,0
1,0,1,0,1,0,1,0,1,0,1,0,1,0,1,1,1,1,0,1,0,0,1,1,0,0,0,0,1,0,0,0,1,0,1,0,1,1,0,1,1,1,0,0,1,1
1,0,1,0,1,0,1,0,1,0,1,0,0,0,1,0,1,1,1,1,0,0,1,0,1,1,0,0,0,1,0,1,1,1,1,1,1,1,1,0,1,0,0,0,1,1
1,0,1,0,1,0,1,0,1,0,1,0,1,0,1,1,0,1,1,1,1,0,1,1,0,1,0,1,1,0,0,1,1,1,1,1,1,1,1,1,1,1,1,0,1,1
1,0,0,1,1,0,0,1,1,0,1,0,1,1,0,0,0,1,1,0,1,0,1,0,0,1,0,0,1,0,0,1,0,0,0,0,0,1,1,0,0,1,1,0,1,1
1,0,1,0,1,0,0,1,1,0,1,0,0,1,0,1,0,1,0,0,1,0,1,0,1,1,0,1,0,0,0,1,0,0,0,0,0,1,1,0,1,0,0,0,1,1
1,0,1,0,1,0,1,0,0,1,1,0,1,0,1,0,0,1,1,1,1,0,1,1,0,1,0,0,0,0,0,1,1,1,1,1,1,1,1,1,1,0,0,0,0,1
0,1,0,1,1,0,0,1,1,0,1,0,0,0,1,1,0,0,0,1,1,1,0,0,1,1,0,0,1,0,1,0,0,1,0,1,1,0,1,0,0,0,1,0,0,1
1,0,0,1,0,1,0,1,1,0,0,1,0,0,1,0,0,0,0,1,0,0,1,0,0,1,1,0,1,0,1,1,1,1,1,1,1,0,0,0,0,1,1,1,1,0
1,0,1,0,1,0,1,0,1,0,1,0,0,0,1,0,1,0,0,0,0,0,1,1,0,1,1,0,1,1,1,1,0,0,1,1,0,1,1,1,1,1,1,1,1,0
1,0,0,1,1,0,1,0,0,1,0,1,1,0,1,0,1,0,0,1,0,0,1,0,0,1,0,0,1,1,1,1,1,1,1,1,1,1,1,0,0,1,1,1,0,1
1,0,0,1,1,0,0,1,1,0,0,1,0,1,0,0,1,0,0,1,0,0,1,0,1,1,0,0,1,0,1,1,1,1,0,0,0,1,1,0,0,1,1,1,1,0
1,0,1,0,0,1,1,0,1,0,0,1,0,1,0,0,0,1,0,0,1,0,1,1,0,1,1,0,1,0,0,1,0,0,0,0,0,0,0,1,1,1,1,0,1,1
1,0,1,0,1,0,1,0,1,0,1,0,1,0,1,1,1,1,0,1,0,0,1,0,0,1,0,0,1,0,0,1,1,1,1,1,1,1,1,0,1,1,1,0,1,1
1,0,1,0,0,1,1,0,1,0,0,1,0,0,1,0,0,0,1,1,0,0,1,0,1,0,0,0,1,0,1,0,1,0,1,0,1,0,0,0,1,1,0,1,1,1
1,0,0,1,1,0,0,1,0,1,1,0,0,0,1,0,1,0,0,1,0,0,1,1,0,1,1,0,0,1,1,1,1,1,1,1,1,1,1,1,0,0,0,1,0,0
1,0,1,0,1,0,1,0,1,0,1,0,1,0,1,1,0,0,0,0,1,0,1,1,0,1,0,0,1,0,1,1,0,0,1,1,0,1,1,1,1,1,1,1,1,1
1,0,1,0,1,0,1,0,0,1,1,0,0,0,1,0,1,0,1,1,0,0,1,1,1,1,0,0,0,1,1,1,1,1,1,1,1,1,1,1,1,0,0,1,0,0
1,0,0,1,1,0,0,1,1,0,1,0,1,0,1,0,0,1,0,0,1,0,1,1,0,1,0,1,1,1,0,1,0,0,1,1,0,1,1,1,0,1,1,0,1,1
1,0,1,0,0,1,1,0,1,0,1,0,1,0,1,1,0,1,0,0,1,0,1,0,0,0,0,0,0,0,0,0,0,0,1,0,0,0,0,0,1,0,0,0,1,1
1,0,1,0,0,1,1,0,1,0,0,1,0,1,0,0,0,1,1,1,1,0,1,1,0,1,1,0,0,1,0,1,1,1,0,0,0,0,0,1,1,0,0,0,1,0
1,0,0,1,1,0,1,0,1,0,1,0,0,0,1,1,1,1,0,0,0,0,1,1,1,1,0,0,1,0,0,1,0,0,1,1,0,1,1,1,0,1,1,0,1,0
1,0,1,0,1,0,0,1,1,0,1,0,0,0,1,0,0,0,0,1,1,0,1,0,0,0,1,1,1,0,1,0,1,0,1,0,1,1,0,0,1,1,0,1,1,0
1,0,1,0,1,0,1,0,1,0,0,1,0,0,1,1,0,0,0,0,0,0,1,1,1,1,0,0,1,0,1,1,0,0,1,1,0,1,1,1,1,1,1,1,1,0
1,0,1,0,1,0,1,0,0,1,0,1,0,0,1,0,1,0,0,0,0,0,1,1,1,0,0,0,1,0,1,0,0,0,1,0,0,1,0,1,1,1,0,1,0,1
1,0,1,0,0,1,1,0,1,0,1,0,1,0,1,0,0,1,0,1,1,0,1,0,0,1,0,0,0,1,0,1,1,1,1,1,1,0,0,0,1,0,0,0,1,1
0,1,1,0,1,0,1,0,1,0,0,1,1,0,1,0,1,0,0,1,0,0,1,0,0,1,0,0,1,0,1,1,1,1,1,1,1,1,1,0,1,1,1,1,1,1
1,0,0,1,0,1,0,1,1,0,0,1,0,1,0,0,0,0,1,1,1,0,1,1,1,1,0,1,1,0,1,1,1,1,0,0,0,0,0,1,0,1,1,1,1,1
1,0,1,0,1,0,1,0,0,1,0,1,0,1,0,0,0,0,0,1,0,0,1,0,0,0,1,0,0,0,1,0,1,0,0,0,0,1,0,0,1,0,0,1,0,1
1,0,1,0,1,0,0,1,0,1,1,0,0,0,1,0,0,0,0,0,0,1,1,1,1,1,0,0,1,0,1,1,0,0,1,1,0,1,1,1,1,1,1,1,0,0
1,0,0,1,0,1,0,1,0,1,0,1,0,0,1,0,1,1,0,0,0,1,1,1,1,1,0,1,0,1,0,1,0,0,1,1,0,0,0,1,0,0,0,0,0,1
1,0,1,0,0,1,1,0,0,1,1,0,0,1,0,0,0,0,0,0,0,0,1,1,0,1,1,0,1,1,1,1,0,0,0,0,0,0,0,1,1,1,1,1,0,1
1,0,1,0,1,0,1,0,1,0,0,1,0,0,1,0,1,0,1,0,0,0,1,1,0,1,1,1,1,0,1,1,0,0,1,1,0,1,1,1,1,1,1,1,1,1
1,0,1,0,0,1,1,0,0,1,1,0,1,0,1,0,0,0,0,1,0,0,1,0,0,1,0,0,0,1,1,1,1,1,1,1,1,0,0,0,1,0,0,1,0,1
1,0,1,0,1,0,0,1,0,1,0,1,1,0,1,0,1,0,0,1,0,1,1,1,0,1,0,0,1,0,1,1,1,1,1,1,1,1,1,1,1,1,1,1,0,1
1,0,1,0,1,0,1,0,1,0,1,0,1,0,1,0,0,1,1,1,0,0,1,1,0,1,0,0,0,0,0,1,1,1,1,1,1,1,1,1,1,0,0,0,1,1
1,0,1,0,0,1,1,0,1,0,1,0,0,0,1,0,1,1,1,1,0,0,1,0,0,0,1,0,1,0,0,0,1,0,1,0,1,0,0,0,1,1,0,0,1,1
1,0,0,1,0,1,0,1,1,0,0,1,1,1,0,0,1,1,0,0,0,1,1,1,0,1,0,0,1,0,0,1,0,0,0,0,0,0,0,1,0,1,1,0,1,1
0,1,0,1,0,1,1,0,1,0,1,0,0,0,1,1,0,1,0,0,1,0,0,1,1,1,0,0,1,0,0,0,0,0,0,1,0,0,0,0,0,0,1,0,0,0
1,0,1,0,0,1,1,0,1,0,0,1,0,0,1,0,0,0,1,1,0,0,1,0,1,0,0,0,1,0,1,0,1,0,1,0,1,0,0,0,1,1,0,1,1,1
1,0,1,0,1,0,1,0,0,1,0,1,0,0,1,0,0,0,1,1,1,0,1,1,0,1,1,0,0,0,1,1,1,1,1,1,1,1,1,1,1,0,0,1,0,0
1,0,1,0,0,1,1,0,0,1,0,1,1,1,0,0,0,0,1,1,1,0,1,1,0,1,0,1,1,1,1,1,1,1,0,0,0,0,0,1,1,1,1,1,0,1
1,0,0,1,1,0,0,1,1,0,1,0,1,0,1,1,1,1,0,1,0,0,1,1,0,0,0,0,1,0,0,0,1,0,1,0,1,1,0,1,0,1,0,0,1,1
1,0,0,1,0,1,1,0,1,0,1,0,1,0,1,1,1,0,0,1,0,1,1,0,0,1,0,0,0,0,1,1,1,1,1,1,1,0,0,0,0,0,0,1,1,1
1,0,1,0,1,0,1,0,1,0,1,0,1,0,1,1,0,0,0,1,1,0,1,0,0,1,0,1,1,0,1,1,1,1,1,1,1,1,1,0,1,1,1,1,1,1
1,0,1,0,1,0,0,1,0,1,0,1,0,0,1,0,1,0,1,1,0,0,1,1,1,0,0,1,0,0,1,0,1,0,1,0,1,1,0,1,1,0,0,1,0,0
1,0,1,0,1,0,1,0,0,1,0,1,0,1,0,0,1,0,0,1,0,0,1,0,0,1,1,0,0,0,1,1,1,1,0,0,0,1,1,0,1,0,0,1,0,0
1,0,1,0,1,0,0,1,1,0,1,0,0,0,1,1,0,1,0,1,0,1,1,1,0,1,0,0,0,0,0,1,1,1,1,1,1,1,1,1,1,0,0,0,1,0
1,0,1,0,0,1,1,0,0,1,0,1,0,1,0,0,0,1,1,0,0,0,1,0,1,1,0,0,1,1,0,1,0,0,0,0,0,0,0,0,1,1,1,0,0,1
1,0,1,0,1,0,0,1,1,0,1,0,1,0,1,0,0,1,1,1,0,0,1,1,0,0,0,0,1,0,0,0,1,0,1,0,1,1,0,1,1,1,0,0,1,1
1,0,1,0,1,0,1,0,0,1,0,1,1,0,1,1,0,0,1,1,1,0,1,1,0,1,0,1,1,0,1,1,1,1,1,1,1,1,1,1,1,1,1,1,0,1
0,1,0,1,0,1,0,1,0,1,0,1,0,0,1,0,1,0,0,1,0,1,1,0,0,1,0,0,0,0,1,1,1,1,1,1,1,0,0,0,0,0,0,1,0,1
1,0,1,0,0,1,1,0,1,0,0,1,1,1,0,0,0,1,0,0,1,0,1,1,0,1,0,0,1,0,0,1,0,0,0,0,0,0,0,1,1,1,1,0,1,0
1,0,1,0,0,1,1,0,1,0,1,0,0,1,0,1,1,1,1,1,0,0,1,0,0,1,1,1,1,0,0,1,1,1,0,0,0,0,0,0,1,1,1,0,1,1
1,0,0,1,0,1,0,1,1,0,0,1,0,1,0,0,1,0,0,0,0,1,1,0,0,1,1,0,0,0,1,1,0,0,0,0,0,0,0,0,0,0,0,1,1,1
1,0,0,1,0,1,0,1,0,1,0,1,1,0,1,0,0,0,0,1,1,0,1,0,0,1,0,0,1,1,1,1,1,1,1,1,1,0,0,0,0,1,1,1,0,1
0,1,0,1,1,0,0,1,1,0,1,0,0,0,1,0,0,0,0,1,1,0,1,1,1,0,0,0,0,1,1,0,1,0,1,0,1,1,0,1,0,0,0,1,1,1
1,0,1,0,1,0,0,1,1,0,1,0,0,0,1,0,1,0,0,0,0,0,1,0,0,1,1,0,1,1,1,1,0,0,1,1,0,1,1,0,1,1,1,1,1,1
1,0,0,1,1,0,0,1,1,0,1,0,0,0,1,1,1,0,0,1,0,1,1,1,1,1,0,1,0,0,1,1,1,1,1,1,1,1,1,1,0,0,0,1,1,0
1,0,0,1,0,1,0,1,0,1,1,0,0,1,0,0,1,0,1,1,0,0,1,1,0,1,0,0,0,1,1,1,1,1,0,0,0,0,0,1,0,0,0,1,0,1
1,0,0,1,0,1,0,1,1,0,0,1,0,0,1,1,0,1,1,1,1,0,1,0,0,1,0,0,1,0,0,1,1,1,1,1,1,0,0,0,0,1,1,0,1,1
1,0,1,0,1,0,0,1,1,0,1,0,0,0,1,0,0,0,1,1,0,0,1,0,0,0,0,1,0,0,1,0,1,0,1,0,1,1,0,0,1,0,0,1,1,1
1,0,1,0,0,1,1,0,1,0,0,1,0,1,0,0,1,0,1,1,0,0,1,1,0,1,0,0,1,0,1,1,1,1,0,0,0,0,0,1,1,1,1,1,1,1
1,0,1,0,0,1,1,0,0,1,0,1,1,1,0,0,1,0,1,1,0,0,1,0,0,0,0,0,0,0,1,0,1,0,0,0,0,0,0,0,1,0,0,1,0,1
1,0,0,1,0,1,1,0,1,0,1,0,1,0,1,1,0,0,0,1,0,0,1,1,0,1,0,0,1,0,1,1,1,1,1,1,1,0,0,1,0,1,1,1,1,1
1,0,1,0,1,0,0,1,0,1,0,1,0,1,0,1,1,0,1,1,0,0,1,1,0,1,0,0,0,0,1,1,1,1,0,0,0,1,1,1,1,0,0,1,0,1
1,0,1,0,1,0,0,1,1,0,0,1,0,0,1,0,1,0,0,1,0,0,1,1,1,1,0,1,1,0,1,1,1,1,1,1,1,1,1,1,1,1,1,1,1,0
1,0,1,0,1,0,1,0,1,0,1,0,0,0,1,0,0,1,1,0,0,0,1,0,0,1,1,0,0,0,0,1,0,0,1,1,0,1,1,0,1,0,0,0,1,1
1,0,1,0,0,1,1,0,0,1,1,0,1,0,1,1,0,0,1,1,1,0,1,0,0,1,0,1,1,0,1,1,1,1,1,1,1,0,0,0,1,1,1,1,0,1
1,0,1,0,0,1,0,1,1,0,0,1,0,1,0,0,0,0,0,0,0,0,0,1,1,1,0,0,0,0,1,0,0,0,0,0,0,0,0,0,0,0,0,0,0,0
1,0,1,0,0,1,1,0,0,1,1,0,0,0,1,0,1,1,0,0,0,0,1,1,1,1,0,0,0,0,0,1,0,0,1,1,0,0,0,1,1,0,0,0,0,1
1,0,0,1,1,0,0,1,0,1,0,1,0,0,1,0,1,0,0,1,0,1,0,0,0,1,1,0,1,1,1,0,0,1,0,1,1,0,1,0,0,0,1,0,0,1
1,0,0,1,1,0,0,1,1,0,1,0,1,0,1,1,0,0,1,1,0,0,1,1,0,1,0,1,0,0,1,1,1,1,1,1,1,1,1,1,0,0,0,1,1,1
1,0,1,0,1,0,1,0,1,0,1,0,0,0,1,1,1,0,0,0,0,1,1,1,1,0,0,1,0,0,1,0,0,0,1,0,0,1,0,1,1,0,0,1,1,1
1,0,1,0,1,0,0,1,1,0,1,0,0,0,1,1,0,1,1,1,1,0,1,1,0,1,1,0,1,0,0,1,1,1,1,1,1,1,1,1,1,1,1,0,1,0
1,0,0,1,1,0,0,1,0,1,0,1,0,1,0,0,1,0,0,1,0,1,1,1,1,1,0,0,0,1,1,1,1,1,0,0,0,1,1,1,0,0,0,1,0,0
1,0,1,0,1,0,1,0,1,0,1,0,1,0,1,1,1,0,0,1,0,0,1,0,0,1,0,0,1,0,1,1,1,1,1,1,1,1,1,0,1,1,1,1,1,1
1,0,1,0,1,0,0,1,1,0,1,0,0,1,0,1,0,1,0,0,1,1,0,1,0,0,1,1,0,0,0,0,0,0,0,0,0,0,0,0,0,0,0,0,0,1
1,0,0,1,0,1,0,1,1,0,1,0,1,0,1,0,0,0,0,1,1,1,1,1,0,1,0,0,0,0,1,1,1,1,1,1,1,0,0,1,0,0,0,1,1,1
1,0,1,0,1,0,1,0,0,1,0,1,0,0,1,0,0,1,0,1,0,0,1,1,1,0,0,1,1,0,0,0,1,0,1,0,1,1,0,1,1,1,0,0,0,0
1,0,0,1,1,0,0,1,0,1,0,1,1,0,1,0,1,0,1,1,0,0,1,1,0,1,0,1,1,1,1,1,1,1,1,1,1,1,1,1,0,1,1,1,0,1
1,0,0,1,0,1,1,0,1,0,0,1,1,0,1,0,1,0,0,0,0,0,0,1,0,1,0,0,1,1,1,0,0,0,0,1,0,0,0,0,0,0,1,0,0,1
1,0,1,0,1,0,1,0,0,1,1,0,0,0,1,0,0,1,0,1,0,0,1,0,0,0,1,0,0,1,0,0,1,0,1,0,1,1,0,0,1,0,0,0,0,1
1,0,1,0,1,0,0,1,0,1,0,1,1,0,1,0,0,0,0,1,1,0,1,1,0,0,0,0,1,1,1,0,1,0,1,0,1,1,0,1,1,1,0,1,0,0
1,0,0,1,0,1,1,0,1,0,0,1,0,1,0,0,1,0,0,1,0,1,1,1,0,1,0,1,0,0,1,1,1,1,0,0,0,0,0,1,0,0,0,1,1,0
1,0,0,1,1,0,1,0,1,0,1,0,1,0,1,1,1,1,1,1,0,0,0,0,0,1,0,1,1,0,0,0,0,1,0,1,1,0,1,0,0,0,1,0,0,1
1,0,1,0,0,1,0,1,1,0,0,1,0,1,0,0,1,0,0,0,0,1,1,1,1,1,0,0,1,1,1,1,0,0,0,0,0,0,0,1,1,1,1,1,1,0
1,0,0,1,1,0,0,1,1,0,1,0,0,0,1,1,0,0,0,1,1,1,1,1,1,1,0,0,0,0,1,1,1,1,1,1,1,1,1,1,0,0,0,1,1,1
1,0,1,0,0,1,1,0,1,0,0,1,1,1,0,0,1,1,0,0,0,0,1,1,0,1,0,0,1,0,0,1,0,0,0,0,0,0,0,1,1,1,1,0,1,1
1,0,1,0,1,0,1,0,1,0,0,1,1,1,0,0,1,0,0,0,0,1,1,1,0,1,0,0,1,1,1,1,0,0,0,0,0,1,1,1,1,1,1,1,1,0
1,0,0,1,0,1,1,0,1,0,1,0,1,0,1,1,0,0,0,1,1,0,1,1,0,0,0,0,1,0,1,0,1,0,1,0,1,0,0,1,0,1,0,1,1,1
1,0,0,1,0,1,0,1,0,1,0,1,1,0,1,0,1,0,0,0,0,1,1,1,0,1,0,0,0,1,1,1,0,0,1,1,0,0,0,1,0,0,0,1,0,0
1,0,0,1,1,0,0,1,1,0,1,0,1,1,0,0,0,0,1,1,1,0,1,0,0,1,0,0,0,1,1,1,1,1,0,0,0,1,1,0,0,0,0,1,1,1
1,0,1,0,1,0,1,0,1,0,1,0,1,1,0,0,0,0,0,1,0,1,1,1,0,1,0,1,1,1,1,1,1,1,0,0,0,1,1,1,1,1,1,1,1,1
1,0,1,0,0,1,1,0,1,0,0,1,0,1,0,0,0,0,1,1,1,0,1,1,0,0,1,0,0,0,1,0,1,0,0,0,0,0,0,1,1,0,0,1,1,0
1,0,0,1,1,0,0,1,1,0,1,0,0,0,1,1,1,1,1,0,0,0,1,1,0,1,0,0,0,0,0,1,0,0,1,1,0,1,1,1,0,0,0,0,1,1
1,0,1,0,1,0,0,1,1,0,0,1,1,0,1,0,1,1,1,0,0,0,1,0,0,1,0,1,0,1,0,1,0,0,1,1,0,1,1,0,1,0,0,0,1,1
1,0,1,0,1,0,0,1,0,1,1,0,1,0,1,0,1,1,1,1,0,0,1,1,0,0,0,0,1,0,0,0,1,0,1,0,1,1,0,1,1,1,0,0,0,1
1,0,0,1,0,1,0,1,1,0,1,0,0,1,0,0,0,0,0,1,1,0,1,1,0,1,0,0,0,1,1,1,1,1,0,0,0,0,0,1,0,0,0,1,1,1
1,0,0,1,1,0,0,1,0,1,1,0,1,0,1,0,0,1,1,1,1,0,1,1,0,0,0,0,0,0,0,0,1,0,1,0,1,1,0,1,0,0,0,0,0,0
1,0,0,1,1,0,0,1,1,0,1,0,1,0,1,1,0,1,0,1,1,1,1,1,0,1,0,0,1,0,0,1,1,1,1,1,1,1,1,1,0,1,1,0,1,1
1,0,1,0,1,0,0,1,1,0,0,1,0,1,0,0,0,0,0,0,1,1,1,1,1,1,0,0,1,1,1,1,0,0,0,0,0,1,1,1,1,1,1,1,1,0
1,0,1,0,1,0,0,1,0,1,0,1,0,1,0,0,1,0,1,1,0,0,1,0,1,1,0,1,0,1,1,1,1,1,0,0,0,1,1,0,1,0,0,1,0,0
1,0,0,1,0,1,0,1,0,1,1,0,1,1,0,0,1,0,0,1,0,0,1,1,0,1,0,0,1,0,1,1,1,1,0,0,0,0,0,1,0,1,1,1,0,1
1,0,1,0,1,0,1,0,1,0,0,1,0,0,1,0,1,0,0,1,0,0,1,1,1,1,0,0,1,0,1,1,1,1,1,1,1,1,1,1,1,1,1,1,1,1
1,0,1,0,1,0,1,0,1,0,1,0,0,0,1,0,0,1,1,1,1,0,1,1,0,1,1,0,0,0,0,1,1,1,1,1,1,1,1,1,1,0,0,0,1,1
1,0,1,0,1,0,0,1,0,1,0,1,1,0,1,1,1,0,1,1,0,0,1,0,0,1,0,1,1,0,1,1,1,1,1,1,1,1,1,0,1,1,1,1,0,1
1,0,0,1,1,0,0,1,1,0,1,0,1,0,1,0,0,0,0,0,0,1,1,1,0,1,0,0,1,1,1,1,0,0,1,1,0,1,1,1,0,1,1,1,1,1
1,0,1,0,1,0,1,0,0,1,1,0,1,0,1,1,1,1,1,1,0,0,1,0,0,0,0,1,1,0,0,0,1,0,1,0,1,1,0,0,1,1,0,0,0,0
1,0,0,1,0,1,1,0,0,1,1,0,0,0,1,0,1,1,0,1,0,0,1,0,0,1,1,1,0,0,0,1,1,1,1,1,1,0,0,0,0,0,0,0,0,0
1,0,1,0,1,0,1,0,1,0,1,0,0,0,1,1,1,0,0,0,0,0,1,1,1,0,0,0,0,0,1,0,0,0,1,0,0,1,0,1,1,0,0,1,1,0
1,0,1,0,0,1,1,0,0,1,1,0,0,0,1,0,0,1,0,0,0,0,1,1,0,0,1,0,0,0,0,0,0,0,1,0,0,0,0,1,1,0,0,0,0,1
1,0,1,0,1,0,1,0,1,0,1,0,0,0,1,0,0,1,0,1,1,0,1,0,0,1,1,0,1,0,0,1,1,1,1,1,1,1,1,0,1,1,1,0,1,1
1,0,0,1,1,0,0,1,1,0,1,0,1,1,0,0,0,0,1,1,1,0,1,1,0,1,0,0,0,0,1,1,1,1,0,0,0,1,1,1,0,0,0,1,1,1
1,0,1,0,1,0,1,0,1,0,0,1,0,0,1,0,0,1,0,0,0,0,1,0,1,1,0,0,1,0,0,1,0,0,1,1,0,1,1,0,1,1,1,0,1,0
1,0,0,1,0,1,1,0,0,1,1,0,0,1,0,0,1,0,0,1,0,1,1,0,0,1,1,0,0,1,1,1,1,1,0,0,0,0,0,0,0,0,0,1,0,1
1,0,1,0,1,0,0,1,1,0,1,0,1,1,0,1,1,0,0,1,0,1,1,0,0,0,0,0,0,0,1,0,1,0,0,0,0,1,0,0,1,0,0,1,1,1
0,1,0,1,0,1,0,1,1,0,1,0,0,0,1,0,0,0,0,0,1,1,1,1,1,1,0,0,0,0,1,1,0,0,1,1,0,0,0,1,0,0,0,1,1,1
1,0,1,0,1,0,1,0,0,1,1,0,1,0,1,0,1,1,1,0,0,0,1,1,0,1,0,0,0,0,0,1,0,0,1,1,0,1,1,1,1,0,0,0,0,0
1,0,1,0,1,0,0,1,1,0,0,1,0,1,0,0,1,0,0,0,0,1,1,0,1,1,0,0,1,1,1,1,0,0,0,0,0,1,1,0,1,1,1,1,1,0
1,0,0,1,1,0,0,1,0,1,0,1,1,0,1,0,0,0,0,1,1,0,1,1,0,1,0,1,1,1,1,1,1,1,1,1,1,1,1,1,0,1,1,1,0,1
1,0,1,0,0,1,1,0,0,1,0,1,1,0,1,0,0,0,0,1,1,0,1,1,0,0,0,0,1,0,1,0,1,0,1,0,1,0,0,1,1,1,0,1,0,0
1,0,0,1,0,1,0,1,0,1,1,0,1,1,0,0,0,0,0,1,1,1,1,0,0,0,0,0,0,1,1,0,1,0,0,0,0,0,0,0,0,0,0,1,0,1
1,0,0,1,0,1,0,1,0,1,0,1,0,0,1,0,1,1,1,1,0,0,1,0,0,1,1,0,1,0,0,1,1,1,1,1,1,0,0,0,0,1,1,0,0,1
1,0,1,0,1,0,0,1,0,1,0,1,1,0,1,0,1,0,1,1,0,0,1,1,0,0,0,1,1,0,1,0,1,0,1,0,1,1,0,1,1,1,0,1,0,1
1,0,1,0,1,0,0,1,0,1,0,1,0,1,0,0,0,1,1,0,0,0,1,1,1,1,0,1,0,0,0,1,0,0,0,0,0,1,1,1,1,0,0,0,0,0
1,0,1,0,0,1,1,0,0,1,0,1,0,0,1,0,1,1,0,1,0,1,1,1,0,1,0,1,1,1,0,1,1,1,1,1,1,0,0,1,1,1,1,0,0,1
1,0,1,0,1,0,1,0,0,1,0,1,0,1,0,0,0,1,0,1,1,0,1,1,1,1,0,0,0,1,0,1,1,1,0,0,0,1,1,1,1,0,0,0,0,0
1,0,1,0,1,0,0,1,1,0,1,0,0,0,1,1,0,1,0,0,0,0,1,1,0,0,1,0,1,0,0,0,0,0,1,0,0,1,0,1,1,1,0,0,1,0
1,0,1,0,1,0,0,1,1,0,1,0,0,0,1,0,0,1,0,0,0,0,0,1,1,0,0,1,0,0,0,0,0,0,0,0,0,0,0,0,0,0,0,0,0,1
1,0,1,0,1,0,1,0,1,0,1,0,1,0,1,1,0,1,1,1,1,0,1,1,0,1,0,0,1,0,0,1,1,1,1,1,1,1,1,1,1,1,1,0,1,1
1,0,1,0,0,1,1,0,1,0,0,1,0,0,1,0,1,0,1,1,0,0,1,1,0,1,1,0,1,0,1,1,1,1,1,1,1,0,0,1,1,1,1,1,1,1
1,0,1,0,0,1,1,0,1,0,1,0,1,0,1,0,1,0,0,1,0,0,1,1,0,1,0,0,0,1,1,1,1,1,1,1,1,0,0,1,1,0,0,1,1,1
1,0,0,1,1,0,0,1,1,0,1,0,0,0,1,0,1,0,0,1,0,1,1,1,1,1,0,1,1,0,1,1,1,1,1,1,1,1,1,1,0,1,1,1,1,1
1,0,0,1,0,1,0,1,1,0,1,0,1,0,1,0,1,1,1,1,0,0,1,1,0,1,0,0,1,0,0,1,1,1,1,1,1,0,0,1,0,1,1,0,1,1
1,0,1,0,0,1,1,0,0,1,0,1,1,0,1,0,0,0,0,0,0,0,1,1,0,1,0,0,1,1,1,1,0,0,1,1,0,0,0,1,1,1,1,1,0,1
1,0,1,0,0,1,1,0,1,0,0,1,0,1,0,0,1,0,1,0,0,0,1,1,0,1,1,0,0,1,1,1,0,0,0,0,0,0,0,1,1,0,0,1,1,0
1,0,1,0,0,1,1,0,1,0,0,1,1,0,1,0,1,0,1,1,0,0,1,0,0,1,0,0,1,1,1,1,1,1,1,1,1,0,0,0,1,1,1,1,1,1
1,0,1,0,1,0,1,0,0,1,1,0,1,0,1,1,0,1,1,1,1,0,1,0,0,1,0,1,1,0,0,1,1,1,1,1,1,1,1,0,1,1,1,0,0,1
1,0,1,0,1,0,1,0,1,0,1,0,0,0,1,1,0,1,0,0,1,0,1,1,1,1,0,0,0,0,0,1,0,0,1,1,0,1,1,1,1,0,0,0,1,1
1,0,1,0,1,0,1,0,0,1,0,1,1,0,1,1,1,0,1,1,0,0,1,0,0,0,0,1,0,0,1,0,1,0,1,0,1,1,0,0,1,0,0,1,0,1
1,0,1,0,0,1,1,0,1,0,0,1,0,1,0,1,1,0,1,1,0,0,1,0,0,1,1,1,1,0,1,1,1,1,0,0,0,0,0,0,1,1,1,1,1,1
1,0,0,1,1,0,0,1,0,1,0,1,0,1,0,0,1,1,1,1,0,0,1,1,0,1,1,1,1,0,0,1,1,1,0,0,0,1,1,1,0,1,1,0,0,0
1,0,1,0,1,0,1,0,1,0,0,1,0,0,1,0,0,1,0,1,1,0,1,0,1,1,0,0,0,0,0,1,1,1,1,1,1,1,1,0,1,0,0,0,1,1
1,0,1,0,0,1,1,0,0,1,0,1,1,0,1,0,0,1,1,1,0,0,1,1,0,0,0,0,1,0,0,0,1,0,1,0,1,0,0,1,1,1,0,0,0,0
1,0,0,1,0,1,0,1,0,1,0,1,0,1,0,0,0,0,0,1,0,0,1,1,0,0,0,1,1,0,1,0,1,0,0,0,0,0,0,1,0,1,0,1,0,1
1,0,0,1,0,1,0,1,1,0,1,0,1,1,0,0,1,0,0,1,0,1,1,0,0,1,0,1,1,0,1,1,1,1,0,0,0,0,0,0,0,1,1,1,1,1
1,0,0,1,0,1,1,0,0,1,1,0,0,0,1,0,1,0,1,1,0,0,1,1,1,1,0,0,1,1,1,1,1,1,1,1,1,0,0,1,0,1,1,1,0,1
1,0,0,1,1,0,0,1,1,0,1,0,0,1,0,0,1,1,0,1,0,0,1,0,1,1,0,0,0,0,0,1,1,1,0,0,0,1,1,0,0,0,0,0,1,1
1,0,1,0,1,0,1,0,1,0,1,0,0,0,1,0,0,0,0,0,0,0,1,1,1,1,0,0,1,1,1,1,0,0,1,1,0,1,1,1,1,1,1,1,1,0
0,1,1,0,1,0,0,1,0,1,0,1,0,0,1,0,1,0,0,1,0,0,0,1,1,1,0,0,0,0,1,0,0,1,0,1,1,0,1,0,0,0,0,0,0,1
1,0,1,0,1,0,0,1,0,1,1,0,1,0,1,0,1,0,0,1,0,0,0,1,0,1,0,0,0,0,1,0,0,1,0,1,1,0,1,0,0,0,0,0,0,0
1,0,0,1,1,0,0,1,1,0,1,0,0,1,0,0,0,0,0,1,1,0,1,1,1,1,0,0,1,0,1,1,1,1,0,0,0,1,1,1,0,1,1,1,1,1
1,0,1,0,1,0,0,1,1,0,1,0,0,0,1,0,0,0,1,1,0,0,1,1,1,0,0,0,1,1,1,0,1,0,1,0,1,1,0,1,1,1,0,1,1,0
1,0,0,1,1,0,0,1,0,1,1,0,1,1,0,1,0,1,0,1,1,1,1,0,0,1,0,1,1,0,0,1,1,1,0,0,0,1,1,0,0,1,1,0,0,1
1,0,0,1,1,0,0,1,0,1,0,1,0,0,1,0,1,0,1,1,0,0,1,1,0,1,1,0,1,1,1,1,1,1,1,1,1,1,1,1,0,1,1,1,0,0
1,0,1,0,1,0,1,0,0,1,0,1,0,0,1,0,1,0,1,1,0,0,1,1,1,1,0,0,0,0,1,1,1,1,1,1,1,1,1,1,1,0,0,1,0,0
1,0,1,0,0,1,1,0,0,1,0,1,0,1,0,0,0,0,1,1,0,0,1,1,0,1,1,0,1,1,1,1,1,1,0,0,0,0,0,1,1,1,1,1,0,1
1,0,1,0,1,0,1,0,0,1,0,1,1,0,1,0,0,1,1,1,1,0,1,0,0,1,0,0,0,1,0,1,1,1,1,1,1,1,1,0,1,0,0,0,0,1
1,0,1,0,0,1,1,0,0,1,0,1,0,0,1,0,1,0,1,1,0,0,1,1,1,0,0,0,1,1,1,0,1,0,1,0,1,0,0,1,1,1,0,1,0,1
1,0,1,0,1,0,1,0,0,1,0,1,0,0,1,0,0,0,0,1,1,0,1,0,0,1,1,1,0,1,1,1,1,1,1,1,1,1,1,0,1,0,0,1,0,0
1,0,1,0,1,0,0,1,0,1,1,0,0,1,0,0,0,1,0,1,0,0,1,1,0,1,1,0,0,0,0,1,1,1,0,0,0,1,1,1,1,0,0,0,0,0
1,0,1,0,0,1,1,0,0,1,1,0,0,0,1,0,0,1,1,1,0,0,1,0,0,0,1,0,0,1,0,0,1,0,1,0,1,0,0,0,1,0,0,0,0,1
1,0,1,0,1,0,1,0,0,1,1,0,0,0,1,0,0,1,1,1,0,0,1,0,0,0,1,0,1,1,0,0,1,0,1,0,1,1,0,0,1,1,0,0,0,1
1,0,1,0,0,1,1,0,1,0,0,1,0,1,0,0,1,0,1,1,0,0,1,1,1,1,0,1,1,1,1,1,1,1,0,0,0,0,0,1,1,1,1,1,1,1
1,0,0,1,0,1,0,1,1,0,1,0,0,0,1,1,1,0,0,1,0,1,1,0,0,1,0,1,1,0,1,1,1,1,1,1,1,0,0,0,0,1,1,1,1,1
1,0,0,1,1,0,0,1,1,0,1,0,0,0,1,0,0,1,0,1,1,0,0,1,1,1,0,0,1,0,0,0,0,1,0,1,1,0,1,0,0,0,1,0,0,1
1,0,0,1,1,0,0,1,0,1,0,1,1,0,1,0,0,0,1,1,0,0,1,1,0,1,0,0,0,1,1,1,1,1,1,1,1,1,1,1,0,0,0,1,0,1
1,0,1,0,1,0,0,1,1,0,1,0,1,1,0,0,0,0,1,1,1,0,1,1,0,1,0,1,0,0,1,1,1,1,0,0,0,1,1,1,1,0,0,1,1,1
1,0,0,1,0,1,1,0,1,0,0,1,0,0,1,0,1,0,0,1,0,0,1,0,1,1,0,0,1,1,1,1,1,1,1,1,1,0,0,0,0,1,1,1,1,1
1,0,1,0,0,1,1,0,1,0,1,0,0,0,1,1,1,0,0,0,0,0,1,1,1,1,0,0,1,0,1,1,0,0,1,1,0,0,0,1,1,1,1,1,1,1
1,0,0,1,1,0,0,1,0,1,0,1,0,0,1,0,1,0,0,1,0,0,0,1,1,1,0,0,0,1,1,0,0,1,0,1,1,0,1,0,0,0,0,0,0,1
1,0,1,0,0,1,1,0,1,0,1,0,1,0,1,0,1,1,0,1,0,0,1,0,0,1,0,0,0,1,0,1,1,1,1,1,1,0,0,0,1,0,0,0,1,0
1,0,1,0,1,0,1,0,0,1,0,1,0,0,1,0,1,0,0,1,0,0,1,0,0,1,1,0,1,0,1,1,1,1,1,1,1,1,1,0,1,1,1,1,0,0
1,0,0,1,0,1,1,0,0,1,0,1,0,1,0,0,0,0,0,1,1,1,1,1,0,1,1,1,0,1,1,1,1,1,0,0,0,0,0,1,0,0,0,1,0,1
0,1,1,0,0,1,1,0,1,0,0,1,0,1,0,0,0,0,1,0,0,0,0,1,1,0,0,0,1,1,1,0,0,0,0,0,0,0,0,0,0,0,0,0,0,1
1,0,1,0,0,1,1,0,0,1,1,0,1,0,1,1,0,1,0,1,1,0,1,1,0,1,0,0,1,0,0,1,1,1,1,1,1,0,0,1,1,1,1,0,0,1
1,0,0,1,1,0,0,1,0,1,0,1,0,1,0,0,1,0,1,1,0,0,1,1,1,0,0,1,1,1,1,0,1,0,0,0,0,1,0,1,0,1,0,1,0,1
1,0,1,0,1,0,0,1,1,0,1,0,1,0,1,0,0,0,0,1,1,1,1,0,0,1,0,1,1,1,1,1,1,1,1,1,1,1,1,0,1,1,1,1,1,1
1,0,1,0,1,0,1,0,1,0,0,1,0,0,1,0,1,0,0,1,0,0,1,1,1,1,0,0,1,1,1,1,1,1,1,1,1,1,1,1,1,1,1,1,1,1
1,0,0,1,1,0,0,1,1,0,0,1,0,0,1,0,0,0,0,1,1,1,0,1,0,1,1,1,1,0,1,0,0,1,0,1,1,0,1,0,0,0,1,0,0,1
1,0,1,0,1,0,0,1,1,0,1,0,1,0,1,0,1,0,0,0,0,0,1,1,0,0,0,0,1,1,1,0,0,0,1,0,0,1,0,1,1,1,0,1,1,1
1,0,0,1,1,0,0,1,0,1,1,0,0,1,0,0,1,1,0,1,0,0,1,1,0,0,0,0,0,0,0,0,1,0,0,0,0,1,0,1,0,0,0,0,0,1
1,0,0,1,0,1,0,1,0,1,0,1,0,0,1,1,0,0,1,1,0,0,1,0,0,0,1,0,1,0,1,0,1,0,1,0,1,0,0,0,0,1,0,1,0,1
1,0,1,0,1,0,0,1,1,0,0,1,0,1,0,0,1,0,0,0,0,0,1,1,1,1,0,0,1,0,1,1,0,0,0,0,0,1,1,1,1,1,1,1,1,0
1,0,0,1,1,0,0,1,1,0,1,0,0,1,0,0,1,0,0,1,0,0,1,1,1,1,0,0,1,0,1,1,1,1,0,0,0,1,1,1,0,1,1,1,1,0
1,0,0,1,1,0,0,1,1,0,0,1,0,1,0,0,1,1,0,0,0,0,1,1,0,1,0,0,1,0,0,1,0,0,0,0,0,1,1,1,0,1,1,0,1,1
1,0,0,1,1,0,1,0,1,0,0,1,1,0,1,1,0,1,0,0,1,0,1,0,0,1,0,0,1,0,0,1,0,0,1,1,0,1,1,0,0,1,1,0,1,1
1,0,0,1,0,1,1,0,1,0,0,1,1,1,0,0,1,0,1,0,0,0,1,0,0,1,0,0,1,0,1,1,0,0,0,0,0,0,0,0,0,1,1,1,1,1
1,0,0,1,1,0,0,1,1,0,1,0,1,0,1,0,1,1,0,0,0,0,1,0,0,1,0,1,1,1,0,1,0,0,1,1,0,1,1,0,0,1,1,0,1,1
1,0,0,1,1,0,0,1,1,0,1,0,1,0,1,1,0,0,0,1,1,1,1,0,0,1,0,1,1,0,1,1,1,1,1,1,1,1,1,0,0,1,1,1,1,1
1,0,0,1,0,1,0,1,0,1,0,1,1,0,1,0,0,0,1,1,1,0,1,0,0,1,0,0,1,1,1,1,1,1,1,1,1,0,0,0,0,1,1,1,0,1
1,0,1,0,1,0,1,0,0,1,1,0,1,0,1,0,0,1,1,1,0,0,1,0,0,1,0,1,0,0,0,1,1,1,1,1,1,1,1,0,1,0,0,0,0,1
1,0,1,0,1,0,0,1,1,0,1,0,1,0,1,1,0,1,0,0,0,0,1,1,0,1,0,0,1,0,0,1,0,0,1,1,0,1,1,1,1,1,1,0,1,1
1,0,0,1,1,0,1,0,1,0,0,1,0,1,0,0,0,0,0,0,0,0,1,1,0,1,1,0,1,0,1,1,0,0,0,0,0,1,1,1,0,1,1,1,1,0
1,0,0,1,1,0,0,1,1,0,0,1,0,1,0,0,1,0,0,0,0,0,1,1,1,1,0,1,1,0,1,1,0,0,0,0,0,1,1,1,0,1,1,1,1,0
1,0,0,1,1,0,0,1,0,1,1,0,0,1,0,0,1,0,0,1,0,1,0,1,0,1,1,1,0,0,1,0,0,1,0,0,0,0,1,0,0,0,0,0,0,1
1,0,0,1,0,1,0,1,0,1,1,0,0,0,1,1,1,0,0,0,0,1,1,1,0,1,1,0,1,0,1,1,0,0,1,1,0,0,0,1,0,1,1,1,0,0
1,0,1,0,1,0,1,0,1,0,1,0,1,0,1,1,1,1,0,1,0,0,1,0,0,1,0,1,1,0,0,1,1,1,1,1,1,1,1,0,1,1,1,0,1,1
1,0,0,1,1,0,0,1,0,1,0,1,0,0,1,0,0,1,0,1,1,1,1,0,0,1,0,0,1,0,0,1,1,1,1,1,1,1,1,0,0,1,1,0,0,0
1,0,1,0,0,1,0,1,0,1,0,1,0,0,1,0,1,1,0,1,0,0,1,1,0,1,1,1,1,0,0,1,1,1,1,1,1,0,0,1,1,1,1,0,0,0
1,0,1,0,1,0,1,0,1,0,1,0,0,0,1,0,0,0,0,0,0,0,1,0,0,1,1,0,0,0,1,1,0,0,1,1,0,1,1,0,1,0,0,1,1,0
1,0,1,0,1,0,1,0,1,0,1,0,1,0,1,1,1,0,1,1,0,0,1,0,0,1,0,1,1,0,1,1,1,1,1,1,1,1,1,0,1,1,1,1,1,1
1,0,1,0,1,0,1,0,1,0,0,1,0,1,0,0,1,0,1,0,0,0,1,0,0,1,1,0,1,0,1,1,0,0,0,0,0,1,1,0,1,1,1,1,1,0
1,0,0,1,1,0,0,1,0,1,0,1,0,1,0,0,0,0,0,0,0,0,1,0,0,0,1,0,1,0,1,0,0,0,0,0,0,1,0,0,0,1,0,1,0,0
1,0,1,0,0,1,1,0,1,0,0,1,0,1,0,0,1,0,1,0,0,0,1,1,1,1,0,0,1,0,1,1,0,0,0,0,0,0,0,1,1,1,1,1,1,1
1,0,1,0,0,1,1,0,0,1,1,0,0,0,1,1,1,0,0,1,0,0,1,1,1,0,0,0,1,0,1,0,1,0,1,0,1,0,0,1,1,1,0,1,0,0
1,0,0,1,0,1,0,1,1,0,0,1,0,1,0,0,1,0,0,1,0,0,0,1,0,1,1,1,0,0,1,0,0,1,0,0,0,0,0,0,0,0,0,0,0,1
1,0,1,0,1,0,1,0,1,0,0,1,0,0,1,0,0,0,1,1,1,0,1,1,0,1,1,0,1,0,1,1,1,1,1,1,1,1,1,1,1,1,1,1,1,0
1,0,1,0,1,0,1,0,0,1,0,1,1,0,1,0,0,0,1,1,0,0,1,1,0,1,0,0,1,1,1,1,1,1,1,1,1,1,1,1,1,1,1,1,0,1
1,0,0,1,0,1,0,1,1,0,1,0,0,0,1,1,1,1,0,1,0,0,1,0,1,1,0,0,0,0,0,1,1,1,1,1,1,0,0,0,0,0,0,0,1,1
1,0,1,0,0,1,1,0,1,0,1,0,0,0,1,0,0,1,0,1,0,1,1,1,0,1,1,0,0,1,0,1,1,1,1,1,1,0,0,1,1,0,0,0,1,1
1,0,1,0,1,0,1,0,1,0,0,1,0,0,1,0,1,1,0,1,0,0,1,1,1,1,0,0,0,0,0,1,1,1,1,1,1,1,1,1,1,0,0,0,1,1
1,0,0,1,1,0,0,1,1,0,0,1,0,1,0,0,0,0,0,1,0,1,1,1,1,0,0,1,0,1,1,0,1,0,0,0,0,1,0,1,0,0,0,1,1,0
1,0,1,0,1,0,1,0,1,0,0,1,0,0,1,0,0,1,0,1,0,1,1,0,1,0,0,0,1,1,0,0,1,0,1,0,1,1,0,0,1,1,0,0,1,1
1,0,1,0,1,0,0,1,1,0,0,1,1,1,0,0,0,1,0,1,1,0,1,1,0,1,0,0,1,0,0,1,1,1,0,0,0,1,1,1,1,1,1,0,1,1
1,0,1,0,1,0,1,0,1,0,0,1,0,1,0,0,1,0,0,0,0,0,1,1,1,1,0,0,1,0,1,1,0,0,0,0,0,1,1,1,1,1,1,1,1,0
1,0,1,0,1,0,0,1,0,1,1,0,1,1,0,0,0,1,1,1,1,0,1,0,0,1,0,0,1,1,0,1,1,1,0,0,0,1,1,0,1,1,1,0,0,1
1,0,1,0,0,1,1,0,0,1,0,1,0,0,1,0,0,0,0,1,1,1,0,1,0,1,1,1,1,0,1,0,0,1,0,1,1,0,0,0,0,0,1,0,0,0
1,0,0,1,1,0,1,0,0,1,1,0,1,1,0,1,1,1,1,0,0,0,1,1,0,0,0,1,0,0,0,0,0,0,0,0,0,1,0,1,0,0,0,0,0,1
1,0,0,1,1,0,0,1,0,1,0,1,0,0,1,0,0,0,0,0,0,0,1,1,1,1,0,1,1,1,1,1,0,0,1,1,0,1,1,1,0,1,1,1,0,0
1,0,1,0,1,0,0,1,1,0,1,0,0,0,1,0,1,1,0,1,0,1,1,1,1,1,0,0,0,1,0,1,1,1,1,1,1,1,1,1,1,0,0,0,1,0
1,0,1,0,1,0,1,0,1,0,1,0,0,0,1,0,0,1,0,0,0,0,1,0,0,1,1,0,1,1,0,1,0,0,1,1,0,1,1,0,1,1,1,0,1,1
1,0,0,1,1,0,0,1,1,0,0,1,0,0,1,0,1,0,0,1,0,1,0,1,0,0,1,1,0,0,1,0,0,0,0,0,1,0,0,0,0,0,0,0,0,1
1,0,1,0,0,1,1,0,0,1,0,1,1,0,1,0,1,1,0,0,0,0,1,1,0,1,0,0,0,1,0,1,0,0,1,1,0,0,0,1,1,0,0,0,0,1
1,0,1,0,1,0,1,0,1,0,0,1,0,1,0,0,1,1,0,0,0,0,1,1,0,1,1,0,0,1,0,1,0,0,0,0,0,1,1,1,1,0,0,0,1,0
1,0,0,1,1,0,0,1,1,0,0,1,0,0,1,0,1,0,0,1,0,1,1,1,1,1,0,0,0,1,1,1,1,1,1,1,1,1,1,1,0,0,0,1,1,1
1,0,0,1,1,0,0,1,0,1,1,0,0,0,1,0,0,1,1,1,1,0,1,1,0,1,1,0,0,0,0,1,1,1,1,1,1,1,1,1,0,0,0,0,0,1
1,0,0,1,0,1,1,0,0,1,1,0,1,0,1,0,0,0,0,1,1,1,1,0,0,1,0,1,1,1,1,1,1,1,1,1,1,0,0,0,0,1,1,1,0,1
0,1,1,0,1,0,1,0,1,0,1,0,0,1,0,1,0,1,0,1,1,0,1,1,0,1,1,0,1,0,0,1,1,1,0,0,0,1,1,1,1,1,1,0,1,1
1,0,1,0,1,0,1,0,0,1,0,1,1,0,1,0,0,1,1,1,0,0,1,0,0,0,0,0,0,0,0,0,1,0,1,0,1,1,0,0,1,0,0,0,0,1
1,0,1,0,1,0,0,1,0,1,0,1,1,1,0,0,0,0,0,1,0,1,1,1,0,1,0,0,1,0,1,1,1,1,0,0,0,1,1,1,1,1,1,1,0,0
1,0,0,1,0,1,1,0,1,0,1,0,1,0,1,0,0,0,0,1,1,0,1,1,0,1,0,0,0,1,1,1,1,1,1,1,1,0,0,1,0,0,0,1,1,1
0,1,0,1,1,0,0,1,0,1,0,1,1,0,1,0,1,0,0,1,0,1,1,1,0,1,0,0,0,1,1,1,1,1,1,1,1,1,1,1,0,0,0,1,0,1
1,0,0,1,0,1,1,0,1,0,0,1,1,0,1,0,1,0,0,1,0,0,1,1,0,0,0,0,0,0,1,0,1,0,1,0,1,0,0,1,0,0,0,1,1,1
1,0,0,1,1,0,0,1,1,0,1,0,0,0,1,1,1,0,1,1,0,0,1,1,0,1,1,1,1,0,1,1,1,1,1,1,1,1,1,1,0,1,1,1,1,0
1,0,1,0,0,1,1,0,1,0,0,1,1,0,1,0,1,1,0,0,0,0,1,0,0,1,0,1,1,0,0,1,0,0,1,1,0,0,0,0,1,1,1,0,1,1
1,0,1,0,1,0,1,0,0,1,0,1,0,1,0,0,1,1,0,1,0,0,1,1,0,1,1,0,1,0,0,1,1,1,0,0,0,1,1,1,1,1,1,0,0,1
1,0,1,0,0,1,1,0,0,1,1,0,0,0,1,0,1,1,0,1,0,1,0,1,1,1,0,1,1,0,0,0,0,1,0,1,1,0,0,0,0,0,1,0,0,0
1,0,1,0,1,0,1,0,1,0,1,0,1,0,1,1,1,1,1,1,0,0,1,0,0,1,0,0,0,0,0,1,1,1,1,1,1,1,1,0,1,0,0,0,1,1
1,0,1,0,1,0,1,0,0,1,0,1,1,1,0,0,0,1,0,1,1,1,1,1,0,0,0,0,1,1,0,0,1,0,0,0,0,1,0,1,1,1,0,0,0,0
1,0,0,1,1,0,0,1,1,0,1,0,0,1,0,0,0,0,0,0,0,1,1,0,0,1,0,1,1,1,1,1,0,0,0,0,0,1,1,0,0,1,1,1,1,1
1,0,1,0,1,0,1,0,1,0,1,0,0,0,1,0,0,1,0,0,0,0,1,0,0,0,1,0,0,0,0,0,0,0,1,0,0,1,0,0,1,0,0,0,1,1
1,0,1,0,1,0,1,0,1,0,1,0,0,1,0,1,1,1,0,0,0,0,1,0,1,1,0,0,1,0,0,1,0,0,0,0,0,1,1,0,1,1,1,0,1,1
1,0,1,0,1,0,1,0,0,1,1,0,1,1,0,0,0,1,0,1,0,1,1,0,0,0,0,0,0,0,0,0,1,0,0,0,0,1,0,0,1,0,0,0,0,0
1,0,0,1,1,0,0,1,0,1,0,1,1,1,0,0,0,1,0,1,1,1,0,1,0,1,0,0,0,1,0,0,0,1,0,0,0,0,1,0,0,0,0,0,0,1
1,0,1,0,1,0,1,0,1,0,1,0,1,1,0,1,1,1,0,0,0,0,0,1,0,1,0,0,1,0,0,0,0,0,0,0,0,0,1,0,0,0,1,0,0,1
1,0,0,1,0,1,1,0,1,0,1,0,0,0,1,0,0,0,0,1,1,1,1,0,1,1,0,0,0,0,1,1,1,1,1,1,1,0,0,0,0,0,0,1,1,1
1,0,1,0,1,0,1,0,0,1,1,0,0,0,1,0,1,1,1,1,0,0,1,1,0,1,1,0,1,1,0,1,1,1,1,1,1,1,1,1,1,1,1,0,0,0
1,0,1,0,1,0,0,1,0,1,0,1,0,0,1,0,0,1,0,1,1,0,1,1,1,1,0,1,0,0,0,1,1,1,1,1,1,1,1,1,1,0,0,0,0,1
1,0,1,0,1,0,0,1,0,1,1,0,0,1,0,0,1,0,0,1,0,0,1,0,1,1,0,0,1,1,1,1,1,1,0,0,0,1,1,0,1,1,1,1,0,0
1,0,1,0,0,1,1,0,0,1,0,1,0,0,1,0,1,1,1,1,0,0,1,0,0,1,1,0,1,1,0,1,1,1,1,1,1,0,0,0,1,1,1,0,0,1
1,0,0,1,1,0,0,1,1,0,1,0,0,0,1,0,0,1,0,1,0,0,1,1,0,1,1,0,0,0,0,1,1,1,1,1,1,1,1,1,0,0,0,0,1,0
1,0,1,0,0,1,1,0,1,0,1,0,0,0,1,0,0,1,1,1,1,0,0,1,0,1,1,0,0,1,0,0,0,1,0,1,1,0,0,0,0,0,0,0,0,0
1,0,0,1,1,0,0,1,0,1,1,0,0,1,0,0,1,0,0,0,0,0,0,1,1,1,0,0,1,0,1,0,0,0,0,0,0,0,1,0,0,0,1,0,0,1
1,0,1,0,0,1,1,0,1,0,1,0,1,0,1,0,0,0,0,1,1,0,1,0,0,1,0,1,1,0,1,1,1,1,1,1,1,0,0,0,1,1,1,1,1,1
1,0,1,0,0,1,1,0,1,0,1,0,1,0,1,1,0,1,1,1,1,0,1,1,0,1,0,0,0,0,0,1,1,1,1,1,1,0,0,1,1,0,0,0,1,1
1,0,0,1,0,1,0,1,0,1,1,0,0,0,1,0,1,1,1,1,0,0,1,1,0,1,0,0,1,1,0,1,1,1,1,1,1,0,0,1,0,1,1,0,0,1
1,0,0,1,1,0,1,0,0,1,0,1,1,0,1,0,1,1,1,1,0,0,1,1,0,1,0,0,1,1,0,1,1,1,1,1,1,1,1,1,0,1,1,0,0,1
1,0,0,1,0,1,0,1,1,0,0,1,1,1,0,0,1,0,1,0,0,0,1,0,0,1,0,0,1,1,1,1,0,0,0,0,0,0,0,0,0,1,1,1,1,1
1,0,0,1,1,0,1,0,0,1,0,1,0,1,0,0,1,1,0,1,0,0,1,1,1,1,0,0,1,1,0,1,1,1,0,0,0,1,1,1,0,1,1,0,0,0
1,0,1,0,0,1,1,0,1,0,1,0,0,0,1,0,0,1,0,0,1,0,1,1,1,1,0,0,0,0,0,1,0,0,1,1,0,0,0,1,1,0,0,0,1,1
1,0,0,1,0,1,1,0,1,0,1,0,0,0,1,0,0,1,0,0,1,1,1,1,1,1,0,0,0,1,0,1,0,0,1,1,0,0,0,1,0,0,0,0,1,0
1,0,0,1,1,0,0,1,1,0,1,0,0,0,1,0,0,0,1,1,0,0,1,1,1,0,0,0,1,1,1,0,1,0,1,0,1,1,0,1,0,1,0,1,1,0
1,0,1,0,1,0,0,1,0,1,0,1,1,0,1,0,0,0,1,1,1,0,1,1,0,1,0,1,1,1,1,1,1,1,1,1,1,1,1,1,1,1,1,1,0,1
1,0,1,0,1,0,1,0,1,0,1,0,1,0,1,1,1,1,0,1,0,1,1,0,0,1,0,0,0,0,0,1,1,1,1,1,1,1,1,0,1,0,0,0,1,1
1,0,1,0,0,1,0,1,0,1,0,1,1,0,1,0,1,1,0,1,0,0,1,1,0,1,0,0,0,1,0,1,1,1,1,1,1,0,0,1,1,0,0,0,0,1
1,0,0,1,0,1,1,0,1,0,0,1,1,1,0,0,1,0,0,1,0,0,1,1,0,1,0,0,1,0,1,1,1,1,0,0,0,0,0,1,0,1,1,1,1,0
1,0,0,1,1,0,0,1,1,0,1,0,0,0,1,1,0,0,0,0,1,0,1,1,1,1,0,0,0,0,1,1,0,0,1,1,0,1,1,1,0,0,0,1,1,1
1,0,1,0,1,0,1,0,0,1,1,0,0,0,1,1,1,0,1,0,0,0,1,0,0,1,1,0,0,0,1,1,0,0,1,1,0,1,1,0,1,0,0,1,0,0
1,0,1,0,1,0,1,0,1,0,1,0,0,0,1,0,1,1,0,0,0,0,1,1,1,1,0,0,1,0,0,1,0,0,1,1,0,1,1,1,1,1,1,0,1,0
1,0,1,0,1,0,1,0,0,1,1,0,1,0,1,0,0,1,1,1,1,0,1,1,0,1,0,0,0,0,0,1,1,1,1,1,1,1,1,1,1,0,0,0,0,1
1,0,1,0,1,0,1,0,1,0,0,1,0,0,1,0,0,1,1,1,1,0,1,1,1,1,0,0,1,0,0,1,1,1,1,1,1,1,1,1,1,1,1,0,1,0
1,0,0,1,1,0,0,1,0,1,0,1,0,0,1,0,0,0,1,1,1,0,1,0,0,1,1,0,1,0,1,1,1,1,1,1,1,1,1,0,0,1,1,1,0,1
1,0,1,0,0,1,1,0,0,1,1,0,0,0,1,1,1,1,0,1,0,1,0,1,0,0,1,0,0,0,0,0,0,0,0,0,1,0,0,0,0,0,0,0,0,1
1,0,1,0,0,1,1,0,1,0,1,0,1,0,1,0,1,0,1,0,0,0,1,0,0,0,0,0,1,1,1,0,0,0,1,0,0,0,0,0,1,1,0,1,1,0
1,0,1,0,1,0,1,0,0,1,0,1,0,0,1,0,1,0,1,1,0,0,1,1,0,1,0,1,1,1,1,1,1,1,1,1,1,1,1,1,1,1,1,1,0,1
1,0,0,1,1,0,1,0,0,1,1,0,0,0,1,0,1,0,0,1,0,1,1,1,1,1,0,0,0,0,1,1,1,1,1,1,1,1,1,1,0,0,0,1,0,0
1,0,0,1,0,1,0,1,1,0,1,0,1,0,1,1,0,1,0,1,1,1,1,1,0,1,0,1,0,0,0,1,1,1,1,1,1,0,0,1,0,0,0,0,1,1
1,0,1,0,1,0,1,0,0,1,0,1,1,0,1,0,1,1,1,1,0,0,1,1,0,1,0,1,1,0,0,1,1,1,1,1,1,1,1,1,1,1,1,0,0,1
1,0,1,0,0,1,1,0,1,0,1,0,1,0,1,1,1,1,0,1,0,0,1,1,0,1,0,0,0,0,0,1,1,1,1,1,1,0,0,1,1,0,0,0,1,1
1,0,1,0,1,0,1,0,0,1,0,1,0,0,1,0,1,0,0,1,0,0,1,1,1,1,0,0,1,0,1,1,1,1,1,1,1,1,1,1,1,1,1,1,0,0
1,0,0,1,1,0,0,1,1,0,1,0,1,0,1,1,1,1,0,0,0,0,1,0,0,1,0,0,1,0,0,1,0,0,1,1,0,1,1,0,0,1,1,0,1,1
1,0,1,0,0,1,1,0,0,1,0,1,0,0,1,0,0,1,0,1,0,1,1,1,0,0,1,0,0,1,0,0,1,0,1,0,1,0,0,1,1,0,0,0,0,0
1,0,0,1,1,0,0,1,1,0,1,0,0,0,1,0,0,1,1,0,1,0,1,1,0,1,1,0,1,0,0,1,0,0,1,1,0,1,1,1,0,1,1,0,1,1
1,0,1,0,1,0,1,0,1,0,1,0,1,0,1,0,0,1,0,0,0,1,0,0,0,0,0,0,1,0,0,0,0,0,0,0,0,0,0,0,0,0,0,0,0,1
1,0,1,0,1,0,1,0,1,0,1,0,0,0,1,0,1,0,1,1,0,0,1,1,1,1,0,0,1,1,1,1,1,1,1,1,1,1,1,1,1,1,1,1,1,0
1,0,1,0,0,1,1,0,1,0,1,0,0,1,0,0,1,1,1,1,0,0,1,1,0,1,1,0,1,0,0,1,1,1,0,0,0,0,0,1,1,1,1,0,1,1
0,1,0,1,0,1,0,1,1,0,0,1,0,1,0,0,0,0,0,0,1,1,0,0,1,1,0,0,1,0,1,0,0,0,0,0,0,0,0,0,0,0,1,0,0,1
1,0,1,0,1,0,0,1,0,1,1,0,1,0,1,0,1,0,0,1,0,0,1,0,0,1,0,0,1,0,1,1,1,1,1,1,1,1,1,0,1,1,1,1,0,1
1,0,0,1,1,0,0,1,0,1,1,0,1,0,1,0,1,1,0,0,0,1,1,0,0,1,0,1,1,1,0,1,0,0,1,1,0,1,1,0,0,1,1,0,0,1
1,0,1,0,1,0,0,1,0,1,0,1,0,1,0,1,1,0,1,1,0,0,1,0,1,0,0,0,1,0,1,0,1,0,0,0,0,1,0,0,1,1,0,1,0,0
1,0,0,1,0,1,1,0,1,0,0,1,0,0,1,0,1,0,0,0,0,0,1,1,1,1,0,0,1,0,1,1,0,0,1,1,0,0,0,1,0,1,1,1,1,1
1,0,1,0,1,0,0,1,0,1,0,1,1,0,1,0,1,1,0,0,0,0,1,1,0,1,0,1,0,1,0,1,0,0,1,1,0,1,1,1,1,0,0,0,0,1
1,0,1,0,0,1,1,0,1,0,1,0,0,0,1,0,0,1,0,1,0,1,1,1,0,1,1,0,0,1,0,1,1,1,1,1,1,0,0,1,1,0,0,0,1,0
1,0,0,1,1,0,0,1,1,0,0,1,0,0,1,0,1,1,0,0,0,0,1,1,0,1,1,0,1,0,0,1,0,0,1,1,0,1,1,1,0,1,1,0,1,1
1,0,1,0,1,0,0,1,1,0,0,1,0,1,0,0,1,0,0,0,0,0,1,0,1,1,0,0,1,0,1,1,0,0,0,0,0,1,1,0,1,1,1,1,1,0
1,0,1,0,0,1,1,0,1,0,1,0,0,0,1,1,1,1,0,0,0,0,1,0,1,1,0,0,1,0,0,1,0,0,1,1,0,0,0,0,1,1,1,0,1,0
1,0,0,1,1,0,0,1,1,0,0,1,0,1,0,0,1,0,0,1,0,0,1,1,1,1,0,0,1,0,1,1,1,1,0,0,0,1,1,1,0,1,1,1,1,0
1,0,0,1,0,1,0,1,1,0,0,1,1,1,0,0,1,0,0,0,0,0,1,0,0,1,0,0,1,0,1,1,0,0,0,0,0,0,0,0,0,1,1,1,1,1
1,0,1,0,1,0,1,0,0,1,0,1,0,0,1,0,0,0,1,1,1,0,1,1,0,1,1,0,0,0,1,1,1,1,1,1,1,1,1,1,1,0,0,1,0,0
1,0,1,0,0,1,0,1,0,1,0,1,1,0,1,0,0,0,0,1,1,0,1,1,0,1,0,0,0,0,1,1,1,1,1,1,1,0,0,1,1,0,0,1,0,1
1,0,1,0,1,0,0,1,0,1,1,0,0,0,1,0,0,0,0,1,0,0,1,0,1,0,0,0,0,1,1,0,1,0,1,0,1,1,0,0,1,0,0,1,0,0
1,0,0,1,1,0,0,1,1,0,0,1,0,1,0,1,1,0,0,1,0,1,1,1,0,1,1,1,1,0,1,1,1,1,0,0,0,1,1,1,0,1,1,1,1,1
1,0,1,0,0,1,1,0,1,0,0,1,0,0,1,0,0,1,0,0,0,0,1,0,0,1,1,0,1,0,0,1,0,0,1,1,0,0,0,0,1,1,1,0,1,1
0,1,0,1,0,1,1,0,1,0,1,0,0,0,1,1,1,1,0,1,0,0,1,1,1,1,0,0,0,0,0,1,1,1,1,1,1,0,0,1,0,0,0,0,1,0
1,0,0,1,0,1,0,1,0,1,1,0,0,0,1,1,1,1,0,1,0,1,1,0,0,1,1,0,1,0,0,1,1,1,1,1,1,0,0,0,0,1,1,0,0,1
1,0,1,0,0,1,1,0,0,1,0,1,1,1,0,0,0,0,1,1,1,0,1,1,0,0,0,1,1,1,1,0,1,0,0,0,0,0,0,1,1,1,0,1,0,1
1,0,1,0,1,0,1,0,0,1,0,1,0,0,1,0,0,0,0,1,1,0,1,1,0,0,1,1,0,0,1,0,1,0,1,0,1,1,0,1,1,0,0,1,0,0
1,0,1,0,0,1,0,1,1,0,0,1,0,0,1,0,1,0,1,0,0,0,1,0,1,1,0,1,0,0,1,1,0,0,1,1,0,0,0,0,1,0,0,1,1,1
1,0,0,1,1,0,0,1,1,0,1,0,1,0,1,1,1,0,1,1,0,0,1,1,0,1,0,1,1,0,1,1,1,1,1,1,1,1,1,1,0,1,1,1,1,1
1,0,0,1,0,1,0,1,1,0,0,1,1,1,0,0,1,0,0,0,0,1,1,1,0,1,0,0,0,0,1,1,0,0,0,0,0,0,0,1,0,0,0,1,1,1
1,0,1,0,1,0,1,0,0,1,0,1,0,1,0,0,1,1,0,1,0,0,1,1,0,1,1,1,0,0,0,1,1,1,0,0,0,1,1,1,1,0,0,0,0,1
1,0,0,1,0,1,0,1,1,0,1,0,1,1,0,0,1,1,0,1,0,1,1,1,0,1,0,0,0,0,0,1,1,1,0,0,0,0,0,1,0,0,0,0,1,1
1,0,0,1,1,0,0,1,0,1,0,1,0,1,0,0,1,0,0,1,0,1,1,0,0,1,1,0,1,0,1,1,1,1,0,0,0,1,1,0,0,1,1,1,0,1
1,0,0,1,0,1,1,0,1,0,1,0,1,0,1,0,0,1,0,1,1,0,1,1,0,1,0,0,0,0,0,1,1,1,1,1,1,0,0,1,0,0,0,0,1,1
0,1,0,1,0,1,0,1,1,0,1,0,1,0,1,0,1,1,0,1,0,0,1,1,0,1,0,1,1,1,0,1,1,1,1,1,1,0,0,1,0,1,1,0,1,1
1,0,0,1,1,0,0,1,0,1,0,1,0,0,1,0,1,1,0,1,0,1,1,1,0,1,1,0,1,0,0,1,1,1,1,1,1,1,1,1,0,1,1,0,0,1
1,0,1,0,1,0,1,0,1,0,1,0,0,0,1,1,0,0,1,1,0,0,1,0,0,1,1,0,1,0,1,1,1,1,1,1,1,1,1,0,1,1,1,1,1,1
1,0,1,0,0,1,1,0,1,0,1,0,0,0,1,0,1,0,1,1,0,0,0,1,1,1,0,0,0,0,1,0,0,1,0,1,1,0,0,0,0,0,0,0,0,1
1,0,1,0,1,0,0,1,1,0,0,1,1,1,0,0,1,0,0,1,0,1,1,1,0,1,0,0,1,0,1,1,1,1,0,0,0,1,1,1,1,1,1,1,1,0
1,0,0,1,1,0,0,1,1,0,1,0,1,0,1,1,0,0,1,1,1,0,1,0,0,1,0,1,1,0,1,1,1,1,1,1,1,1,1,0,0,1,1,1,1,1
1,0,0,1,1,0,0,1,0,1,0,1,1,1,0,0,0,0,0,1,1,1,1,1,0,1,0,0,1,1,1,1,1,1,0,0,0,1,1,1,0,1,1,1,0,1
1,0,1,0,1,0,1,0,1,0,0,1,1,1,0,0,0,1,1,0,1,0,1,1,0,1,0,1,0,0,0,1,0,0,0,0,0,1,1,1,1,0,0,0,1,1
1,0,1,0,1,0,1,0,1,0,1,0,0,0,1,1,0,1,0,1,0,0,1,1,0,1,1,0,0,0,0,1,1,1,1,1,1,1,1,1,1,0,0,0,1,0
1,0,0,1,1,0,0,1,1,0,0,1,0,0,1,0,1,0,1,1,0,0,1,1,1,1,0,0,0,1,1,1,1,1,1,1,1,1,1,1,0,0,0,1,1,0
1,0,0,1,0,1,1,0,0,1,1,0,1,0,1,0,0,0,0,1,1,0,1,0,0,1,0,0,0,0,1,1,1,1,1,1,1,0,0,0,0,0,0,1,0,1
1,0,0,1,0,1,1,0,0,1,1,0,0,0,1,0,0,0,0,1,1,1,1,1,1,1,0,0,0,1,1,1,1,1,1,1,1,0,0,1,0,0,0,1,0,1
1,0,1,0,1,0,1,0,1,0,1,0,0,1,0,1,0,0,0,0,0,0,1,1,0,1,1,0,1,0,1,1,0,0,0,0,0,1,1,1,1,1,1,1,1,0
1,0,1,0,1,0,0,1,1,0,0,1,1,0,1,1,0,1,0,1,1,0,1,0,0,0,0,1,0,0,0,0,1,0,1,0,1,1,0,0,1,0,0,0,1,1
1,0,0,1,0,1,1,0,1,0,1,0,1,0,1,0,1,1,1,1,0,0,1,1,0,1,0,1,1,1,0,1,1,1,1,1,1,0,0,1,0,1,1,0,1,1
1,0,1,0,1,0,1,0,1,0,0,1,0,1,0,0,1,0,0,0,0,1,1,1,1,1,0,0,1,0,1,1,0,0,0,0,0,1,1,1,1,1,1,1,1,0
1,0,0,1,0,1,1,0,1,0,1,0,1,1,0,1,0,1,1,1,1,0,1,0,0,1,0,0,1,0,0,1,1,1,0,0,0,0,0,0,0,1,1,0,1,1
0,1,1,0,1,0,0,1,0,1,1,0,0,0,1,0,0,0,0,0,1,0,0,1,1,0,0,0,1,1,1,0,0,0,0,0,0,0,0,0,0,0,0,0,0,0
1,0,1,0,0,1,1,0,1,0,1,0,0,0,1,0,1,0,0,0,0,0,0,1,1,1,0,0,1,0,1,0,0,0,0,1,0,0,0,0,0,0,1,0,0,1
1,0,1,0,1,0,1,0,1,0,1,0,1,0,1,0,1,1,1,1,0,0,1,1,0,1,0,0,0,0,0,1,1,1,1,1,1,1,1,1,1,0,0,0,1,1
1,0,1,0,1,0,1,0,0,1,1,0,1,0,1,1,1,0,0,1,0,0,1,0,0,1,0,0,1,0,1,1,1,1,1,1,1,1,1,0,1,1,1,1,0,1
1,0,0,1,0,1,1,0,0,1,1,0,0,0,1,0,0,1,0,1,0,0,1,0,0,0,1,0,0,0,0,0,1,0,1,0,1,0,0,0,0,0,0,0,0,0
1,0,0,1,1,0,0,1,1,0,1,0,0,0,1,0,1,0,1,0,0,0,1,1,1,1,0,0,0,1,1,1,0,0,1,1,0,1,1,1,0,0,0,1,1,0
1,0,1,0,1,0,1,0,1,0,1,0,0,0,1,0,0,1,0,0,0,0,1,1,0,1,1,0,1,0,0,1,0,0,1,1,0,1,1,1,1,1,1,0,1,0
1,0,1,0,1,0,1,0,0,1,0,1,1,1,0,0,1,1,1,1,0,0,1,1,0,1,0,0,0,0,0,1,1,1,0,0,0,1,1,1,1,0,0,0,0,0
1,0,1,0,1,0,0,1,1,0,0,1,0,0,1,0,1,0,1,0,0,0,1,1,1,1,0,1,1,1,1,1,0,0,1,1,0,1,1,1,1,1,1,1,1,0
1,0,0,1,0,1,0,1,0,1,1,0,1,0,1,0,0,0,0,1,1,1,1,1,0,1,0,1,0,0,1,1,1,1,1,1,1,0,0,1,0,0,0,1,0,1
1,0,1,0,1,0,0,1,1,0,1,0,0,0,1,0,1,1,0,1,0,1,1,0,0,0,1,0,1,0,0,0,1,0,1,0,1,1,0,0,1,1,0,0,1,1
1,0,0,1,1,0,0,1,1,0,1,0,0,1,0,0,1,1,0,1,0,1,0,1,0,1,1,1,1,1,0,0,0,1,0,0,0,0,1,0,0,0,1,0,0,1
1,0,0,1,0,1,0,1,0,1,0,1,0,0,1,0,0,0,0,0,0,0,1,0,0,1,1,0,1,1,1,1,0,0,1,1,0,0,0,0,0,1,1,1,0,0
1,0,0,1,0,1,1,0,1,0,0,1,0,0,1,0,0,0,1,1,1,0,1,0,0,0,1,0,1,1,1,0,1,0,1,0,1,0,0,0,0,1,0,1,1,1
1,0,0,1,1,0,0,1,1,0,1,0,1,0,1,1,0,0,0,0,0,0,1,0,0,1,0,0,1,0,1,1,0,0,1,1,0,1,1,0,0,1,1,1,1,0
1,0,0,1,1,0,0,1,0,1,1,0,1,1,0,0,0,0,0,1,1,0,1,0,0,1,0,0,1,0,1,1,1,1,0,0,0,1,1,0,0,1,1,1,0,1
1,0,0,1,0,1,0,1,0,1,0,1,1,1,0,0,1,0,1,1,0,0,1,1,0,0,0,1,1,0,1,0,1,0,0,0,0,0,0,1,0,1,0,1,0,1
0,1,0,1,0,1,0,1,1,0,1,0,0,0,1,1,0,0,0,1,1,1,1,1,0,1,0,0,1,0,1,1,1,1,1,1,1,0,0,1,0,1,1,1,1,1
1,0,0,1,0,1,1,0,1,0,0,1,0,1,0,1,0,0,0,1,0,0,1,1,1,1,0,0,0,0,1,1,1,1,0,0,0,0,0,1,0,0,0,1,1,1
1,0,1,0,1,0,1,0,1,0,1,0,1,0,1,1,0,1,1,1,1,0,1,0,0,1,0,0,1,0,0,1,1,1,1,1,1,1,1,0,1,1,1,0,1,1
1,0,0,1,1,0,0,1,1,0,1,0,0,0,1,0,0,0,0,1,0,0,1,0,0,0,1,0,1,1,1,0,1,0,1,0,1,1,0,0,0,1,0,1,1,0
1,0,0,1,1,0,0,1,0,1,0,1,0,1,0,0,1,0,0,1,0,1,1,1,0,1,0,1,0,1,1,1,1,1,0,0,0,1,1,1,0,0,0,1,0,0
1,0,1,0,1,0,1,0,0,1,1,0,1,0,1,0,0,1,1,1,0,0,1,0,0,1,0,0,1,1,0,1,1,1,1,1,1,1,1,0,1,1,1,0,0,1
1,0,1,0,1,0,0,1,0,1,0,1,1,1,0,0,1,0,0,1,0,1,1,1,0,1,0,1,1,0,1,1,1,1,0,0,0,1,1,1,1,1,1,1,0,1
1,0,1,0,1,0,1,0,1,0,1,0,1,0,1,0,0,1,1,1,1,0,1,1,0,1,0,0,1,0,0,1,1,1,1,1,1,1,1,1,1,1,1,0,1,1
1,0,0,1,1,0,0,1,0,1,0,1,1,0,1,0,1,0,1,1,0,0,1,1,0,1,0,1,1,0,1,1,1,1,1,1,1,1,1,1,0,1,1,1,0,0
1,0,1,0,1,0,1,0,0,1,0,1,0,0,1,0,0,0,0,1,0,0,1,0,0,0,1,0,0,0,1,0,1,0,1,0,1,1,0,0,1,0,0,1,0,1
1,0,1,0,0,1,0,1,1,0,1,0,0,0,1,0,0,1,0,1,1,1,1,0,0,1,0,0,1,1,0,1,1,1,1,1,1,0,0,0,1,1,1,0,1,1
0,1,0,1,1,0,0,1,0,1,1,0,1,0,1,0,1,0,0,1,0,0,1,0,0,1,0,0,1,0,1,1,1,1,1,1,1,1,1,0,0,1,1,1,0,1
1,0,0,1,1,0,0,1,1,0,1,0,0,0,1,1,0,0,1,1,1,0,1,0,1,1,0,1,1,0,1,1,1,1,1,1,1,1,1,0,0,1,1,1,1,1
1,0,0,1,1,0,1,0,0,1,0,1,0,1,0,0,1,0,0,1,0,1,1,0,0,1,1,0,0,1,1,1,1,1,0,0,0,1,1,0,0,0,0,1,0,1
1,0,1,0,1,0,0,1,0,1,0,1,0,1,0,0,1,0,0,1,0,1,1,1,1,1,0,0,0,0,1,1,1,1,0,0,0,1,1,1,1,0,0,1,0,0
1,0,1,0,1,0,1,0,1,0,0,1,0,1,0,0,1,1,1,1,0,0,1,0,1,1,0,1,0,0,0,1,1,1,0,0,0,1,1,0,1,0,0,0,1,0
1,0,0,1,0,1,0,1,0,1,0,1,1,1,0,0,1,0,1,0,0,0,0,1,0,1,0,0,1,0,1,0,0,0,0,0,0,0,0,0,0,0,1,0,0,0
1,0,1,0,0,1,0,1,0,1,0,1,0,1,0,0,1,0,1,1,0,0,1,1,1,1,0,0,0,0,1,1,1,1,0,0,0,0,0,1,1,0,0,1,0,0
1,0,0,1,0,1,1,0,0,1,1,0,0,0,1,0,0,0,0,0,1,1,1,1,1,1,0,0,1,1,1,1,0,0,1,1,0,0,0,1,0,1,1,1,0,1
1,0,0,1,1,0,0,1,1,0,1,0,0,0,1,1,1,0,1,1,0,0,1,1,0,1,1,1,0,0,1,1,1,1,1,1,1,1,1,1,0,0,0,1,1,1
1,0,0,1,1,0,0,1,0,1,0,1,0,0,1,0,1,0,0,1,0,0,1,0,0,1,1,1,1,0,1,1,1,1,1,1,1,1,1,0,0,1,1,1,0,1
1,0,0,1,1,0,1,0,1,0,1,0,0,1,0,0,1,0,0,0,0,0,1,1,1,1,0,0,0,0,1,1,0,0,0,0,0,1,1,1,0,0,0,1,1,1
1,0,1,0,0,1,1,0,0,1,0,1,0,0,1,0,1,0,1,1,0,0,1,1,1,1,0,0,1,1,1,1,1,1,1,1,1,0,0,1,1,1,1,1,0,0
1,0,1,0,1,0,1,0,0,1,0,1,0,0,1,0,1,0,1,1,0,0,1,1,0,1,0,1,1,1,1,1,1,1,1,1,1,1,1,1,1,1,1,1,0,0
1,0,0,1,1,0,0,1,1,0,0,1,1,1,0,0,1,0,1,0,0,0,1,0,0,1,0,0,0,1,1,1,0,0,0,0,0,1,1,0,0,0,0,1,1,0
1,0,0,1,1,0,0,1,1,0,1,0,1,1,0,0,1,0,1,1,0,0,1,1,0,1,0,1,1,0,1,1,1,1,0,0,0,1,1,1,0,1,1,1,1,1
1,0,1,0,1,0,1,0,1,0,1,0,1,0,1,1,1,1,1,1,0,0,1,1,0,1,0,0,0,0,0,1,1,1,1,1,1,1,1,1,1,0,0,0,1,1
1,0,1,0,1,0,1,0,0,1,0,1,0,0,1,0,0,1,1,1,1,0,1,0,0,1,1,0,1,0,0,1,1,1,1,1,1,1,1,0,1,1,1,0,0,1
1,0,1,0,1,0,1,0,0,1,1,0,0,0,1,0,0,1,0,1,1,0,1,1,1,1,0,0,1,1,0,1,1,1,1,1,1,1,1,1,1,1,1,0,0,1
1,0,0,1,1,0,0,1,1,0,1,0,1,0,1,1,0,0,0,1,1,1,1,1,0,1,0,1,1,0,1,1,1,1,1,1,1,1,1,1,0,1,1,1,1,1
1,0,1,0,0,1,1,0,0,1,0,1,0,1,0,0,1,0,0,1,0,1,1,1,0,1,1,1,1,1,1,1,1,1,0,0,0,0,0,1,1,1,1,1,0,0
1,0,0,1,1,0,0,1,0,1,0,1,0,0,1,0,1,0,0,1,0,1,1,1,1,1,0,0,1,1,1,1,1,1,1,1,1,1,1,1,0,1,1,1,0,1
1,0,1,0,1,0,1,0,1,0,1,0,0,1,0,0,1,0,0,0,0,0,0,0,0,1,1,1,1,1,1,0,0,0,0,0,0,0,1,0,0,0,1,0,0,0
1,0,0,1,0,1,1,0,1,0,1,0,0,0,1,0,0,0,0,1,1,1,1,1,0,0,1,0,0,0,1,0,1,0,1,0,1,0,0,1,0,0,0,1,1,1
1,0,0,1,1,0,0,1,1,0,1,0,1,0,1,0,1,1,0,1,0,0,1,0,0,1,0,0,1,0,0,1,1,1,1,1,1,1,1,0,0,1,1,0,1,1
1,0,0,1,1,0,0,1,1,0,1,0,1,0,1,1,0,1,0,1,1,0,1,0,0,1,0,1,1,0,0,1,1,1,1,1,1,1,1,0,0,1,1,0,1,1
1,0,1,0,1,0,0,1,1,0,1,0,1,0,1,0,1,1,0,0,0,0,1,1,0,0,0,0,1,1,0,0,0,0,1,0,0,1,0,1,1,1,0,0,1,0
1,0,1,0,1,0,0,1,0,1,1,0,0,0,1,1,0,0,0,1,1,0,1,1,0,1,1,1,0,0,1,1,1,1,1,1,1,1,1,1,1,0,0,1,0,1
1,0,1,0,1,0,1,0,1,0,0,1,1,0,1,1,0,0,1,1,0,0,1,0,0,0,0,1,1,0,1,0,1,0,1,0,1,1,0,0,1,1,0,1,1,1
1,0,0,1,0,1,0,1,1,0,1,0,1,0,1,1,1,1,0,0,0,0,1,0,0,0,0,1,1,0,0,0,0,0,1,0,0,0,0,0,0,1,0,0,1,1
1,0,0,1,0,1,0,1,1,0,1,0,0,0,1,0,1,0,1,1,0,0,1,1,1,1,0,0,1,0,1,1,1,1,1,1,1,0,0,1,0,1,1,1,1,0
1,0,0,1,1,0,0,1,0,1,0,1,1,0,1,0,0,0,0,1,1,1,1,1,0,1,0,0,1,1,1,1,1,1,1,1,1,1,1,1,0,1,1,1,0,1
1,0,0,1,1,0,0,1,0,1,1,0,1,0,1,0,1,0,0,1,0,0,1,0,0,1,0,1,1,0,1,1,1,1,1,1,1,1,1,0,0,1,1,1,0,1
1,0,0,1,1,0,0,1,1,0,0,1,0,0,1,0,1,1,1,0,0,0,1,1,0,1,1,1,0,0,0,1,0,0,1,1,0,1,1,1,0,0,0,0,1,1
0,1,1,0,0,1,1,0,0,1,0,1,0,1,0,0,1,1,0,1,0,0,1,0,1,1,0,0,1,0,0,1,1,1,0,0,0,0,0,0,1,1,1,0,0,1
1,0,1,0,1,0,0,1,0,1,0,1,1,0,1,0,1,1,1,1,0,0,1,1,0,1,0,1,1,0,0,1,1,1,1,1,1,1,1,1,1,1,1,0,0,1
1,0,1,0,0,1,1,0,0,1,0,1,1,0,1,0,0,0,1,1,0,0,1,0,0,1,0,0,1,1,1,1,1,1,1,1,1,0,0,0,1,1,1,1,0,1
1,0,0,1,0,1,1,0,0,1,0,1,1,0,1,0,1,1,1,1,0,0,1,0,0,1,0,0,1,1,0,1,1,1,1,1,1,0,0,0,0,1,1,0,0,1
1,0,1,0,1,0,1,0,0,1,1,0,0,0,1,1,0,0,0,1,0,0,1,0,0,1,1,0,1,0,1,1,1,1,1,1,1,1,1,0,1,1,1,1,0,1
1,0,1,0,1,0,1,0,0,1,0,1,0,0,1,0,0,1,1,1,1,0,1,0,0,1,0,1,1,1,0,1,1,1,1,1,1,1,1,0,1,1,1,0,0,1
1,0,1,0,1,0,1,0,0,1,0,1,1,0,1,0,0,0,0,1,1,1,1,0,0,1,0,0,1,1,1,1,1,1,1,1,1,1,1,0,1,1,1,1,0,1
1,0,1,0,0,1,1,0,0,1,1,0,0,1,0,0,1,1,0,1,0,1,1,1,1,1,0,0,0,0,0,1,1,1,0,0,0,0,0,1,1,0,0,0,0,1
1,0,1,0,1,0,0,1,0,1,0,1,0,1,0,0,1,0,1,1,0,0,1,0,0,1,1,1,1,1,1,1,1,1,0,0,0,1,1,0,1,1,1,1,0,1
1,0,1,0,1,0,1,0,0,1,1,0,1,0,1,0,0,0,1,1,1,0,0,1,0,1,0,1,1,0,1,0,0,1,0,1,1,0,1,0,0,0,1,0,0,1
1,0,1,0,0,1,1,0,0,1,1,0,0,0,1,1,0,1,0,1,1,0,1,1,0,1,1,0,1,0,0,1,1,1,1,1,1,0,0,1,1,1,1,0,0,1
1,0,0,1,0,1,1,0,1,0,0,1,0,0,1,0,1,1,0,0,0,0,1,1,0,1,0,0,1,0,0,1,0,0,1,1,0,0,0,1,0,1,1,0,1,1
1,0,1,0,0,1,1,0,1,0,0,1,0,0,1,1,0,0,1,0,0,0,1,1,1,1,0,0,1,0,1,1,0,0,1,1,0,0,0,1,1,1,1,1,1,0
1,0,1,0,1,0,1,0,1,0,1,0,0,1,0,1,0,0,0,0,1,0,1,1,1,0,0,0,0,0,1,0,0,0,0,0,0,1,0,1,1,0,0,1,1,0
1,0,0,1,1,0,0,1,1,0,1,0,0,0,1,1,1,0,1,1,0,0,1,1,0,1,1,0,0,0,1,1,1,1,1,1,1,1,1,1,0,0,0,1,1,1
1,0,1,0,1,0,1,0,0,1,1,0,1,1,0,1,0,1,1,0,1,0,1,1,0,1,0,0,0,0,0,1,0,0,0,0,0,1,1,1,1,0,0,0,0,1
1,0,1,0,0,1,0,1,0,1,0,1,0,0,1,0,1,0,0,1,0,1,1,1,0,1,0,0,1,1,1,1,1,1,1,1,1,0,0,1,1,1,1,1,0,1
1,0,0,1,1,0,0,1,0,1,0,1,0,0,1,0,1,0,0,1,0,0,1,0,1,1,0,1,1,0,1,1,1,1,1,1,1,1,1,0,0,1,1,1,0,0
1,0,1,0,0,1,1,0,0,1,0,1,0,1,0,0,1,1,1,1,0,0,1,0,0,0,0,0,0,1,0,0,1,0,0,0,0,0,0,0,1,0,0,0,0,1
1,0,0,1,1,0,0,1,1,0,1,0,1,0,1,1,1,0,1,1,0,0,1,1,0,0,0,0,0,0,1,0,1,0,1,0,1,1,0,1,0,0,0,1,1,0
1,0,0,1,1,0,1,0,0,1,1,0,0,1,0,0,1,0,0,0,0,1,1,1,0,1,1,0,0,0,1,1,0,0,0,0,0,1,1,1,0,0,0,1,0,1
1,0,0,1,0,1,0,1,0,1,0,1,0,1,0,0,1,1,0,0,0,0,1,0,1,1,0,0,0,0,0,1,0,0,0,0,0,0,0,0,0,0,0,0,0,1
1,0,1,0,1,0,1,0,1,0,0,1,0,0,1,0,1,0,0,1,0,1,1,1,0,1,1,1,1,0,1,1,1,1,1,1,1,1,1,1,1,1,1,1,1,0
1,0,1,0,0,1,1,0,0,1,0,1,1,0,1,0,1,1,0,1,0,0,1,0,0,1,0,0,1,1,0,1,1,1,1,1,1,0,0,0,1,1,1,0,0,1
1,0,1,0,1,0,0,1,1,0,0,1,1,1,0,0,1,0,0,0,0,0,1,0,0,1,0,0,0,1,1,1,0,0,0,0,0,1,1,0,1,0,0,1,1,1
1,0,0,1,1,0,1,0,0,1,0,1,0,1,0,0,0,0,0,1,1,1,0,1,1,1,0,0,1,1,1,0,0,1,0,0,0,0,1,0,0,0,1,0,0,0
1,0,1,0,0,1,1,0,1,0,1,0,1,0,1,0,1,1,0,0,0,0,1,0,0,1,0,0,1,1,0,1,0,0,1,1,0,0,0,0,1,1,1,0,1,1
1,0,1,0,0,1,1,0,1,0,1,0,0,1,0,0,1,1,0,1,0,0,1,0,0,1,1,0,0,1,0,1,1,1,0,0,0,0,0,0,1,0,0,0,1,1
1,0,1,0,1,0,1,0,0,1,0,1,0,1,0,0,1,0,1,1,0,0,1,1,1,0,0,1,1,0,1,0,1,0,0,0,0,1,0,1,1,1,0,1,0,1
1,0,1,0,1,0,0,1,0,1,1,0,1,0,1,0,0,1,0,1,1,1,1,1,0,1,0,0,1,1,0,1,1,1,1,1,1,1,1,1,1,1,1,0,0,1
1,0,0,1,0,1,1,0,1,0,0,1,0,0,1,1,0,1,1,0,1,0,1,1,0,1,1,0,1,0,0,1,0,0,1,1,0,0,0,1,0,1,1,0,1,1
1,0,1,0,1,0,1,0,0,1,0,1,1,0,1,0,1,0,1,1,0,0,1,0,0,0,0,0,1,1,1,0,1,0,1,0,1,1,0,0,1,1,0,1,0,1
1,0,0,1,0,1,0,1,0,1,1,0,1,0,1,0,0,0,0,1,1,1,1,1,0,1,0,0,0,0,1,1,1,1,1,1,1,0,0,1,0,0,0,1,0,1
1,0,1,0,0,1,1,0,1,0,0,1,1,0,1,0,0,1,1,1,0,0,1,1,0,1,0,1,1,0,0,1,1,1,1,1,1,0,0,1,1,1,1,0,1,1
1,0,0,1,0,1,0,1,0,1,1,0,1,0,1,0,0,0,0,1,1,0,1,0,0,1,0,1,0,1,1,1,1,1,1,1,1,0,0,0,0,0,0,1,0,1
1,0,1,0,0,1,1,0,1,0,0,1,0,0,1,0,0,1,0,1,0,0,1,0,0,1,1,0,0,0,0,1,1,1,1,1,1,0,0,0,1,0,0,0,1,1
1,0,0,1,0,1,0,1,1,0,1,0,0,1,0,0,1,0,0,1,0,1,0,1,0,1,1,1,1,1,1,0,0,1,0,0,0,0,0,0,0,0,1,0,0,1
1,0,1,0,1,0,0,1,1,0,0,1,1,0,1,0,1,0,1,1,0,0,1,1,0,1,0,0,0,0,1,1,1,1,1,1,1,1,1,1,1,0,0,1,1,1
1,0,1,0,1,0,1,0,1,0,1,0,0,1,0,0,1,1,0,0,0,0,1,1,0,1,1,0,0,0,0,1,0,0,0,0,0,1,1,1,1,0,0,0,1,0
1,0,0,1,1,0,0,1,0,1,0,1,0,1,0,0,1,0,1,0,0,0,1,1,0,1,1,0,1,0,1,1,0,0,0,0,0,1,1,1,0,1,1,1,0,0
1,0,0,1,1,0,0,1,1,0,1,0,0,0,1,0,1,1,0,1,0,1,1,1,1,1,0,0,0,0,0,1,1,1,1,1,1,1,1,1,0,0,0,0,1,1
1,0,0,1,1,0,0,1,0,1,0,1,0,1,0,0,1,0,1,0,0,0,1,1,1,1,0,0,1,0,1,1,0,0,0,0,0,1,1,1,0,1,1,1,0,1
1,0,0,1,0,1,0,1,0,1,0,1,0,0,1,0,1,0,0,1,0,1,1,1,1,1,0,0,1,1,1,1,1,1,1,1,1,0,0,1,0,1,1,1,0,1
0,1,0,1,1,0,0,1,0,1,1,0,1,0,1,0,1,0,0,0,0,0,1,0,0,1,0,0,0,1,1,1,0,0,1,1,0,1,1,0,0,0,0,1,0,1
1,0,1,0,0,1,1,0,1,0,0,1,0,1,0,0,0,0,0,0,0,0,1,1,1,1,0,0,1,0,1,1,0,0,0,0,0,0,0,1,1,1,1,1,1,0
1,0,0,1,1,0,1,0,0,1,0,1,0,0,1,0,0,1,0,0,0,0,1,1,1,1,0,1,1,1,0,1,0,0,1,1,0,1,1,1,0,1,1,0,0,0
1,0,1,0,1,0,0,1,1,0,0,1,0,1,0,0,1,0,0,1,0,1,0,1,0,1,1,1,0,1,1,0,0,1,0,0,0,0,1,0,0,0,0,0,0,1
1,0,1,0,0,1,1,0,0,1,0,1,1,0,1,0,0,0,0,1,0,0,1,0,0,1,0,0,0,1,1,1,1,1,1,1,1,0,0,0,1,0,0,1,0,1
1,0,1,0,0,1,1,0,1,0,1,0,1,0,1,1,0,0,0,0,1,0,1,0,0,1,0,0,1,0,1,1,0,0,1,1,0,0,0,0,1,1,1,1,1,1
1,0,0,1,0,1,0,1,1,0,1,0,0,0,1,0,1,0,0,1,0,1,1,1,1,1,0,0,1,0,1,1,1,1,1,1,1,0,0,1,0,1,1,1,1,1
1,0,1,0,1,0,0,1,1,0,1,0,1,0,1,1,0,1,1,1,0,0,1,0,0,1,0,0,1,0,0,1,1,1,1,1,1,1,1,0,1,1,1,0,1,1
1,0,1,0,0,1,1,0,0,1,1,0,0,1,0,0,1,0,0,1,0,0,1,1,0,0,0,0,0,0,1,0,1,0,0,0,0,0,0,1,1,0,0,1,0,1
1,0,0,1,1,0,0,1,1,0,0,1,0,0,1,0,0,0,0,1,0,1,1,1,1,1,0,0,1,0,1,1,1,1,1,1,1,1,1,1,0,1,1,1,1,0
1,0,0,1,1,0,0,1,0,1,0,1,1,1,0,0,1,0,1,1,0,0,1,1,0,1,0,0,1,0,1,1,1,1,0,0,0,1,1,1,0,1,1,1,0,1
1,0,1,0,1,0,0,1,0,1,0,1,0,1,0,0,1,1,0,1,0,1,1,1,1,1,0,1,1,1,0,1,1,1,0,0,0,1,1,1,1,1,1,0,0,0
1,0,0,1,1,0,0,1,1,0,1,0,1,1,0,1,1,1,0,0,0,0,1,0,0,1,0,0,0,0,0,1,0,0,0,0,0,1,1,0,0,0,0,0,1,1
1,0,1,0,1,0,0,1,1,0,1,0,1,1,0,1,0,1,0,1,1,1,1,0,0,1,0,0,1,0,0,1,1,1,0,0,0,1,1,0,1,1,1,0,1,1
1,0,1,0,1,0,1,0,0,1,0,1,1,0,1,1,1,1,1,1,0,0,1,0,0,1,0,1,1,0,0,1,1,1,1,1,1,1,1,0,1,1,1,0,0,1
1,0,1,0,1,0,1,0,0,1,0,1,0,1,0,0,1,0,1,1,0,0,1,0,1,0,0,1,1,0,1,0,1,0,0,0,0,1,0,0,1,1,0,1,0,1
1,0,0,1,0,1,0,1,1,0,1,0,0,0,1,0,0,0,0,0,1,0,1,0,0,0,0,0,0,0,1,0,0,0,1,0,0,0,0,0,0,0,0,1,1,1
1,0,1,0,0,1,0,1,1,0,1,0,0,1,0,0,0,0,0,0,1,0,1,1,1,1,0,0,0,0,1,1,0,0,0,0,0,0,0,1,1,0,0,1,1,0
1,0,0,1,1,0,0,1,1,0,1,0,1,0,1,0,0,1,1,1,1,0,1,1,0,1,0,0,1,1,0,1,1,1,1,1,1,1,1,1,0,1,1,0,1,1
1,0,0,1,1,0,0,1,1,0,1,0,0,0,1,1,0,1,0,0,1,0,1,1,0,1,0,0,1,0,0,1,0,0,1,1,0,1,1,1,0,1,1,0,1,1
1,0,0,1,0,1,0,1,1,0,0,1,0,1,0,0,1,0,0,0,0,1,1,0,0,1,1,0,0,0,1,1,0,0,0,0,0,0,0,0,0,0,0,1,1,1
1,0,1,0,1,0,0,1,1,0,0,1,0,1,0,1,1,1,1,1,0,0,1,1,0,1,1,1,1,0,0,1,1,1,0,0,0,1,1,1,1,1,1,0,1,1
1,0,1,0,1,0,1,0,0,1,0,1,0,0,1,0,0,0,1,1,0,0,1,0,0,1,1,0,1,0,1,1,1,1,1,1,1,1,1,0,1,1,1,1,0,1
1,0,0,1,1,0,0,1,1,0,1,0,0,0,1,0,1,1,0,1,0,0,1,0,1,1,0,1,0,0,0,1,1,1,1,1,1,1,1,0,0,0,0,0,1,0
1,0,0,1,1,0,1,0,1,0,1,0,0,0,1,1,0,1,0,0,1,0,0,1,1,1,0,0,1,0,0,0,0,0,0,1,0,0,1,0,0,0,1,0,0,0
1,0,0,1,1,0,0,1,0,1,0,1,1,0,1,0,1,0,0,0,0,1,1,1,0,1,0,0,0,1,1,1,0,0,1,1,0,1,1,1,0,0,0,1,0,1
1,0,1,0,1,0,1,0,1,0,1,0,0,0,1,0,1,0,0,0,0,0,1,1,1,1,0,0,1,0,1,1,0,0,1,1,0,1,1,1,1,1,1,1,1,0
1,0,1,0,1,0,0,1,1,0,1,0,0,1,0,1,1,1,0,1,0,1,0,1,1,1,0,0,0,0,0,0,0,1,0,0,0,0,1,0,0,0,0,0,0,1
1,0,0,1,1,0,0,1,1,0,0,1,0,1,0,0,1,0,1,0,0,0,1,0,0,0,1,0,1,0,1,0,0,0,0,0,0,1,0,0,0,1,0,1,1,0
1,0,0,1,1,0,0,1,1,0,1,0,0,1,0,0,1,1,0,1,0,0,1,1,0,1,1,0,0,0,0,1,1,1,0,0,0,1,1,1,0,0,0,0,1,1
1,0,0,1,1,0,0,1,0,1,1,0,0,0,1,0,0,1,1,1,0,0,1,1,1,0,0,0,1,0,0,0,1,0,1,0,1,1,0,1,0,1,0,0,0,0
1,0,0,1,0,1,0,1,0,1,0,1,0,0,1,0,1,0,0,0,0,1,1,1,0,1,1,1,1,0,1,1,0,0,1,1,0,0,0,1,0,1,1,1,0,0
1,0,1,0,0,1,1,0,0,1,1,0,0,0,1,0,1,0,0,1,0,0,0,1,1,1,0,0,1,1,1,0,0,1,0,1,1,0,0,0,0,0,1,0,0,1
1,0,1,0,1,0,0,1,0,1,0,1,0,1,0,0,0,0,0,1,1,0,1,1,0,1,1,0,1,0,1,1,1,1,0,0,0,1,1,1,1,1,1,1,0,1
1,0,0,1,1,0,0,1,1,0,1,0,1,0,1,1,0,0,0,0,1,0,1,0,0,1,0,1,1,0,1,1,0,0,1,1,0,1,1,0,0,1,1,1,1,1
1,0,0,1,1,0,0,1,0,1,0,1,1,1,0,0,1,0,1,1,0,0,1,0,0,1,0,1,1,1,1,1,1,1,0,0,0,1,1,0,0,1,1,1,0,1
1,0,0,1,1,0,0,1,0,1,0,1,1,0,1,0,0,0,1,1,1,0,1,1,0,1,0,0,1,1,1,1,1,1,1,1,1,1,1,1,0,1,1,1,0,1
1,0,1,0,1,0,0,1,1,0,0,1,0,1,0,0,1,1,1,0,0,0,1,1,1,1,0,0,1,0,0,1,0,0,0,0,0,1,1,1,1,1,1,0,1,0
1,0,0,1,0,1,0,1,0,1,0,1,0,0,1,0,1,0,1,1,0,0,1,1,0,1,1,1,1,0,1,1,1,1,1,1,1,0,0,1,0,1,1,1,0,0
1,0,1,0,1,0,0,1,1,0,1,0,1,1,0,0,1,1,1,1,0,0,1,1,0,0,0,1,1,0,0,0,1,0,0,0,0,1,0,1,1,1,0,0,1,1
1,0,1,0,1,0,0,1,1,0,0,1,0,0,1,0,1,1,1,1,0,0,1,0,1,1,0,0,0,0,0,1,1,1,1,1,1,1,1,0,1,0,0,0,1,1
1,0,0,1,1,0,0,1,1,0,0,1,0,0,1,0,1,0,0,1,0,1,0,1,0,1,1,1,1,0,1,0,0,1,0,1,1,0,1,0,0,0,1,0,0,1
1,0,1,0,1,0,1,0,1,0,1,0,0,0,1,1,0,0,0,0,1,0,1,1,0,1,0,0,1,0,1,1,0,0,1,1,0,1,1,1,1,1,1,1,1,1
1,0,1,0,1,0,0,1,0,1,0,1,1,1,0,0,0,0,0,1,1,0,1,1,0,1,0,0,1,0,1,1,1,1,0,0,0,1,1,1,1,1,1,1,0,1
1,0,1,0,1,0,1,0,0,1,0,1,1,0,1,0,0,1,0,1,1,0,0,1,0,0,0,0,0,0,0,0,0,0,0,0,1,0,0,0,0,0,0,0,0,1
1,0,0,1,1,0,0,1,1,0,1,0,0,0,1,1,0,1,1,1,1,0,1,1,1,1,0,0,1,0,0,1,1,1,1,1,1,1,1,1,0,1,1,0,1,1
1,0,1,0,0,1,1,0,1,0,1,0,0,0,1,0,1,1,0,0,0,0,1,1,1,0,0,0,0,0,0,0,0,0,1,0,0,0,0,1,1,0,0,0,1,1
1,0,1,0,0,1,1,0,0,1,0,1,0,1,0,0,1,1,1,1,0,0,1,1,0,0,1,0,1,0,0,0,1,0,0,0,0,0,0,1,1,1,0,0,0,0
1,0,1,0,1,0,0,1,0,1,1,0,1,0,1,0,0,1,1,1,1,0,0,1,0,1,0,1,1,0,0,0,0,1,0,1,1,0,1,0,0,0,1,0,0,1
1,0,0,1,1,0,0,1,1,0,1,0,1,0,1,0,0,1,0,1,1,1,1,0,0,1,0,0,1,1,0,1,1,1,1,1,1,1,1,0,0,1,1,0,1,1
0,1,0,1,0,1,1,0,0,1,1,0,0,0,1,0,1,0,0,1,0,1,0,1,0,1,1,1,1,1,1,0,0,1,0,1,1,0,0,0,0,0,1,0,0,1
1,0,0,1,0,1,1,0,0,1,1,0,0,0,1,0,0,1,1,1,1,0,1,0,0,1,0,0,1,1,0,1,1,1,1,1,1,0,0,0,0,1,1,0,0,1
1,0,1,0,1,0,0,1,0,1,1,0,1,0,1,0,1,0,0,1,0,1,1,1,0,1,0,1,1,0,1,1,1,1,1,1,1,1,1,1,1,1,1,1,0,1
1,0,0,1,1,0,0,1,1,0,1,0,1,0,1,1,1,0,0,0,0,0,1,0,0,0,0,0,1,0,1,0,0,0,1,0,0,1,0,0,0,1,0,1,1,1
1,0,0,1,1,0,0,1,1,0,1,0,0,0,1,0,1,0,0,1,0,1,1,0,0,1,1,1,0,1,1,1,1,1,1,1,1,1,1,0,0,0,0,1,1,0
1,0,1,0,0,1,1,0,1,0,0,1,0,1,0,0,1,0,1,0,0,0,1,1,1,1,0,0,0,0,1,1,0,0,0,0,0,0,0,1,1,0,0,1,1,1
1,0,0,1,0,1,0,1,1,0,1,0,0,0,1,0,0,1,1,0,1,0,1,1,0,1,1,0,0,0,0,1,0,0,1,1,0,0,0,1,0,0,0,0,1,1
1,0,0,1,0,1,0,1,0,1,0,1,1,0,1,0,1,0,0,0,0,1,1,1,0,1,0,1,1,0,1,1,0,0,1,1,0,0,0,1,0,1,1,1,0,1
1,0,1,0,1,0,0,1,0,1,0,1,0,0,1,0,1,0,0,1,0,1,1,1,0,0,1,0,0,0,1,0,1,0,1,0,1,1,0,1,1,0,0,1,0,0
1,0,1,0,1,0,1,0,1,0,0,1,0,0,1,1,0,1,1,1,0,0,1,0,0,0,1,0,1,0,0,0,1,0,1,0,1,1,0,0,1,1,0,0,1,1
1,0,1,0,1,0,0,1,0,1,0,1,1,1,0,0,1,1,0,0,0,1,1,0,0,1,0,1,1,0,0,1,0,0,0,0,0,1,1,0,1,1,1,0,0,1
1,0,0,1,1,0,0,1,0,1,1,0,1,0,1,0,1,0,0,1,0,1,1,1,0,1,0,0,1,1,1,1,1,1,1,1,1,1,1,1,0,1,1,1,0,1
1,0,0,1,1,0,0,1,1,0,0,1,0,0,1,1,1,0,1,1,0,0,1,1,0,1,1,1,1,0,1,1,1,1,1,1,1,1,1,1,0,1,1,1,1,1
1,0,1,0,1,0,0,1,1,0,0,1,0,1,0,0,0,0,0,0,1,0,1,1,1,1,0,0,1,0,1,1,0,0,0,0,0,1,1,1,1,1,1,1,1,1
1,0,0,1,1,0,1,0,0,1,1,0,1,0,1,0,1,1,0,1,0,0,1,0,0,1,0,0,0,1,0,1,1,1,1,1,1,1,1,0,0,0,0,0,0,0
1,0,1,0,0,1,1,0,1,0,1,0,0,1,0,1,0,1,0,0,0,0,1,1,0,0,1,0,0,0,0,0,0,0,0,0,0,0,0,1,1,0,0,0,1,0
1,0,0,1,1,0,1,0,1,0,1,0,1,0,1,0,1,1,0,1,0,0,1,0,0,1,0,0,0,0,0,1,1,1,1,1,1,1,1,0,0,0,0,0,1,1
1,0,1,0,1,0,0,1,0,1,1,0,0,0,1,0,1,1,0,1,0,0,1,0,0,1,1,0,0,1,0,1,1,1,1,1,1,1,1,0,1,0,0,0,0,1
1,0,0,1,0,1,0,1,0,1,0,1,1,0,1,0,1,1,0,1,0,1,1,1,0,1,0,0,1,1,0,1,1,1,1,1,1,0,0,1,0,1,1,0,0,1
1,0,0,1,1,0,0,1,1,0,1,0,0,1,0,0,0,1,0,1,1,1,1,0,1,1,0,0,0,0,0,1,1,1,0,0,0,1,1,0,0,0,0,0,1,1
0,1,0,1,0,1,1,0,1,0,1,0,1,0,1,1,0,1,0,0,1,0,1,0,0,1,0,0,1,0,0,1,0,0,1,1,0,0,0,0,0,1,1,0,1,1
1,0,1,0,0,1,1,0,1,0,1,0,0,0,1,0,1,1,0,1,0,1,1,0,0,1,1,0,0,0,0,1,1,1,1,1,1,0,0,0,1,0,0,0,1,1
1,0,1,0,1,0,0,1,1,0,1,0,1,0,1,1,0,1,0,1,1,1,1,0,0,1,0,0,1,0,0,1,1,1,1,1,1,1,1,0,1,1,1,0,1,1
1,0,0,1,0,1,0,1,1,0,0,1,1,1,0,0,0,0,0,0,1,0,1,1,0,1,0,0,0,0,1,1,0,0,0,0,0,0,0,1,0,0,0,1,1,1
1,0,1,0,0,1,1,0,0,1,0,1,0,0,1,0,0,1,1,1,0,0,1,1,0,0,1,0,1,1,0,0,1,0,1,0,1,0,0,1,1,1,0,0,0,0
1,0,0,1,1,0,0,1,0,1,1,0,1,1,0,0,0,0,1,1,1,0,1,1,0,1,0,1,0,1,1,1,1,1,0,0,0,1,1,1,0,0,0,1,0,1
1,0,0,1,0,1,0,1,0,1,1,0,1,0,1,0,0,0,0,1,0,1,1,0,0,1,0,0,0,1,1,1,1,1,1,1,1,0,0,0,0,0,0,1,0,1
1,0,0,1,1,0,0,1,0,1,1,0,0,0,1,0,0,1,1,1,0,0,1,1,0,1,0,1,0,0,0,1,1,1,1,1,1,1,1,1,0,0,0,0,0,0
1,0,1,0,1,0,1,0,0,1,0,1,1,0,1,0,0,1,0,1,1,1,1,0,0,0,0,0,0,0,0,0,1,0,1,0,1,1,0,0,1,0,0,0,0,1
1,0,0,1,0,1,1,0,1,0,0,1,0,1,0,0,1,0,1,0,0,0,1,1,1,1,0,0,1,0,1,1,0,0,0,0,0,0,0,1,0,1,1,1,1,1
1,0,1,0,0,1,1,0,1,0,0,1,0,0,1,0,0,0,1,0,1,0,1,0,1,1,0,0,1,0,1,1,0,0,1,1,0,0,0,0,1,1,1,1,1,1
1,0,1,0,0,1,1,0,1,0,1,0,0,0,1,0,1,1,1,1,0,0,1,0,0,1,1,0,1,0,0,1,1,1,1,1,1,0,0,0,1,1,1,0,1,1
1,0,1,0,0,1,1,0,1,0,0,1,0,0,1,0,1,1,1,1,0,0,0,1,0,0,1,0,0,1,0,0,0,0,0,0,1,0,0,0,0,0,0,0,0,0
1,0,0,1,1,0,0,1,1,0,0,1,0,1,0,0,1,1,0,0,0,0,1,0,1,0,0,0,1,1,0,0,0,0,0,0,0,1,0,0,0,1,0,0,1,1
1,0,0,1,0,1,0,1,1,0,0,1,1,1,0,0,0,0,0,0,1,1,1,1,0,1,0,0,1,0,1,1,0,0,0,0,0,0,0,1,0,1,1,1,1,1
1,0,1,0,1,0,1,0,1,0,1,0,1,0,1,0,1,1,0,0,0,0,1,0,0,1,0,0,1,1,0,1,0,0,1,1,0,1,1,0,1,1,1,0,1,1
1,0,1,0,1,0,1,0,1,0,1,0,1,0,1,1,0,0,1,1,0,0,1,1,0,1,0,0,0,0,1,1,1,1,1,1,1,1,1,1,1,0,0,1,1,0
1,0,1,0,1,0,1,0,0,1,1,0,1,0,1,1,0,0,1,1,1,0,1,0,0,0,0,0,0,0,1,0,1,0,1,0,1,1,0,0,1,0,0,1,0,1
1,0,1,0,0,1,1,0,0,1,1,0,0,0,1,0,1,1,0,1,0,0,1,1,1,0,0,0,0,0,0,0,1,0,1,0,1,0,0,1,1,0,0,0,0,0
1,0,1,0,0,1,1,0,0,1,0,1,0,0,1,0,1,1,1,1,0,0,1,1,1,1,0,0,1,0,0,1,1,1,1,1,1,0,0,1,1,1,1,0,0,0
1,0,1,0,0,1,1,0,1,0,0,1,1,1,0,0,1,1,0,1,0,1,1,0,0,1,0,1,1,0,0,1,1,1,0,0,0,0,0,0,1,1,1,0,1,1
1,0,1,0,1,0,0,1,1,0,0,1,0,1,0,0,1,0,1,0,0,0,1,1,1,1,0,0,1,0,1,1,0,0,0,0,0,1,1,1,1,1,1,1,1,0
1,0,0,1,0,1,0,1,0,1,0,1,0,1,0,0,0,0,0,0,0,1,1,1,0,1,1,0,0,0,1,1,0,0,0,0,0,0,0,1,0,0,0,1,0,0
1,0,1,0,1,0,0,1,1,0,1,0,1,0,1,0,0,1,1,1,1,0,1,0,0,1,0,0,1,0,0,1,1,1,1,1,1,1,1,0,1,1,1,0,1,1
1,0,1,0,0,1,1,0,1,0,0,1,0,0,1,0,1,1,1,0,0,0,1,1,0,1,1,0,0,0,0,1,0,0,1,1,0,0,0,1,1,0,0,0,1,0
1,0,0,1,0,1,0,1,0,1,0,1,1,1,0,0,0,1,1,1,1,0,1,1,0,1,0,1,1,1,0,1,1,1,0,0,0,0,0,1,0,1,1,0,0,1
1,0,1,0,1,0,1,0,1,0,0,1,1,0,1,0,1,0,1,1,0,0,1,0,0,1,0,0,1,1,1,1,1,1,1,1,1,1,1,0,1,1,1,1,1,1
1,0,1,0,0,1,1,0,1,0,0,1,0,0,1,0,0,0,0,1,1,0,1,1,0,1,1,0,1,0,1,1,1,1,1,1,1,0,0,1,1,1,1,1,1,1
1,0,0,1,1,0,0,1,0,1,1,0,1,1,0,0,0,0,0,1,1,0,1,1,0,1,0,1,1,1,1,1,1,1,0,0,0,1,1,1,0,1,1,1,0,1
1,0,1,0,1,0,0,1,0,1,0,1,1,0,1,0,1,1,1,1,0,0,1,0,0,0,0,0,1,0,0,0,1,0,1,0,1,1,0,0,1,1,0,0,0,1
1,0,1,0,0,1,0,1,0,1,0,1,1,1,0,0,0,0,1,1,1,0,1,1,0,1,0,1,1,1,1,1,1,1,0,0,0,0,0,1,1,1,1,1,0,1
1,0,1,0,1,0,1,0,0,1,1,0,1,0,1,1,0,1,0,1,1,1,1,0,0,1,0,1,1,0,0,1,1,1,1,1,1,1,1,0,1,1,1,0,0,1
1,0,1,0,1,0,1,0,1,0,1,0,0,0,1,0,1,0,0,0,0,0,1,1,1,1,0,1,1,1,1,1,0,0,1,1,0,1,1,1,1,1,1,1,1,0
1,0,1,0,1,0,1,0,0,1,0,1,0,0,1,0,0,1,0,1,0,0,1,1,1,0,0,0,1,0,0,0,1,0,1,0,1,1,0,1,1,1,0,0,0,1
1,0,0,1,1,0,0,1,1,0,0,1,1,1,0,0,1,0,0,1,0,1,1,1,0,1,0,0,0,0,1,1,1,1,0,0,0,1,1,1,0,0,0,1,1,1
1,0,1,0,1,0,1,0,1,0,0,1,0,0,1,1,0,0,0,0,0,0,1,0,0,1,1,0,1,0,1,1,0,0,1,1,0,1,1,0,1,1,1,1,1,1
1,0,0,1,0,1,1,0,1,0,1,0,1,0,1,0,1,0,0,1,0,1,1,0,0,1,0,1,0,0,1,1,1,1,1,1,1,0,0,0,0,0,0,1,1,1
1,0,1,0,1,0,1,0,0,1,1,0,0,1,0,0,0,1,1,1,0,0,1,1,0,1,1,1,1,1,0,1,1,1,0,0,0,1,1,1,1,1,1,0,0,0
1,0,1,0,1,0,0,1,1,0,1,0,0,0,1,1,0,1,0,0,0,0,1,1,0,1,1,0,0,0,0,1,0,0,1,1,0,1,1,1,1,0,0,0,1,0
1,0,1,0,1,0,0,1,0,1,0,1,1,1,0,0,0,0,0,1,1,1,1,0,0,1,0,0,1,1,1,1,1,1,0,0,0,1,1,0,1,1,1,1,0,0
1,0,1,0,0,1,1,0,1,0,0,1,1,1,0,0,0,1,0,1,0,0,1,0,0,0,0,0,1,1,0,0,1,0,0,0,0,0,0,0,1,1,0,0,1,0
1,0,0,1,1,0,0,1,1,0,1,0,0,0,1,1,0,1,0,0,1,0,1,1,1,0,0,0,0,0,0,0,0,0,1,0,0,1,0,1,0,0,0,0,1,1
1,0,1,0,1,0,1,0,1,0,1,0,0,0,1,1,0,1,0,1,0,0,1,1,1,1,0,0,1,0,0,1,1,1,1,1,1,1,1,1,1,1,1,0,1,0
1,0,1,0,1,0,0,1,0,1,0,1,1,0,1,0,0,1,1,1,0,0,1,1,0,1,0,0,1,1,0,1,1,1,1,1,1,1,1,1,1,1,1,0,0,0
1,0,0,1,0,1,0,1,0,1,0,1,1,0,1,1,0,0,0,0,1,1,1,1,0,1,0,1,1,0,1,1,0,0,1,1,0,0,0,1,0,1,1,1,0,1
1,0,0,1,0,1,1,0,1,0,1,0,0,0,1,0,0,0,0,0,1,1,1,1,1,1,0,0,1,1,1,1,0,0,1,1,0,0,0,1,0,1,1,1,1,1
1,0,1,0,1,0,0,1,1,0,0,1,0,0,1,0,1,1,0,0,0,0,1,1,1,1,0,1,1,1,0,1,0,0,1,1,0,1,1,1,1,1,1,0,1,0
1,0,0,1,1,0,0,1,1,0,1,0,1,0,1,1,0,1,1,1,1,0,1,1,0,1,0,1,1,0,0,1,1,1,1,1,1,1,1,1,0,1,1,0,1,1
1,0,0,1,1,0,0,1,1,0,1,0,0,0,1,1,1,0,0,1,0,0,1,0,0,1,1,0,1,0,1,1,1,1,1,1,1,1,1,0,0,1,1,1,1,1
1,0,1,0,0,1,1,0,0,1,0,1,0,1,0,0,1,0,1,1,0,0,1,0,0,1,1,0,1,0,1,1,1,1,0,0,0,0,0,0,1,1,1,1,0,1
1,0,1,0,0,1,1,0,1,0,1,0,0,1,0,1,0,1,0,0,1,0,1,1,1,1,0,0,0,0,0,1,0,0,0,0,0,0,0,1,1,0,0,0,1,1
1,0,0,1,0,1,1,0,0,1,1,0,0,0,1,0,1,0,0,1,0,0,0,1,0,1,0,0,0,0,1,0,0,1,0,1,1,0,0,0,0,0,0,0,0,1
1,0,0,1,0,1,0,1,1,0,1,0,1,0,1,1,0,0,0,1,0,0,1,0,0,0,0,1,0,0,1,0,1,0,1,0,1,0,0,0,0,0,0,1,1,1
1,0,0,1,1,0,0,1,0,1,0,1,1,1,0,0,1,0,0,0,0,1,1,1,0,1,0,0,1,1,1,1,0,0,0,0,0,1,1,1,0,1,1,1,0,1
1,0,1,0,1,0,1,0,1,0,1,0,1,0,1,0,1,0,0,1,0,1,1,0,0,1,0,0,1,1,1,1,1,1,1,1,1,1,1,0,1,1,1,1,1,1
1,0,1,0,1,0,1,0,1,0,1,0,0,0,1,1,0,0,0,1,1,0,1,0,0,0,0,1,0,0,1,0,1,0,1,0,1,1,0,0,1,0,0,1,1,1
1,0,1,0,1,0,1,0,1,0,0,1,1,0,1,0,0,1,0,1,1,0,1,0,0,1,0,0,0,1,0,1,1,1,1,1,1,1,1,0,1,0,0,0,1,1
1,0,0,1,1,0,0,1,1,0,1,0,0,1,0,0,1,0,0,1,0,1,1,0,0,1,1,1,0,1,1,1,1,1,0,0,0,1,1,0,0,0,0,1,1,1
1,0,0,1,1,0,0,1,1,0,1,0,0,1,0,0,0,1,0,1,1,1,1,1,1,1,0,1,0,0,0,1,1,1,0,0,0,1,1,1,0,0,0,0,1,1
1,0,1,0,1,0,0,1,0,1,1,0,0,1,0,0,1,0,0,1,0,0,1,0,0,1,1,0,1,1,1,1,1,1,0,0,0,1,1,0,1,1,1,1,0,0
1,0,1,0,1,0,1,0,0,1,1,0,1,0,1,1,0,1,1,1,1,0,1,0,0,1,0,0,0,0,0,1,1,1,1,1,1,1,1,0,1,0,0,0,0,1
1,0,1,0,1,0,1,0,1,0,1,0,0,0,1,1,0,1,0,0,1,0,1,1,1,1,0,0,1,0,0,1,0,0,1,1,0,1,1,1,1,1,1,0,1,0
1,0,0,1,1,0,0,1,1,0,0,1,0,0,1,0,1,0,0,1,0,1,1,1,0,1,1,1,1,1,1,1,1,1,1,1,1,1,1,1,0,1,1,1,1,1
1,0,1,0,1,0,0,1,1,0,0,1,0,0,1,0,0,0,0,0,0,0,1,1,1,0,0,0,0,0,1,0,0,0,1,0,0,1,0,1,1,0,0,1,1,0
1,0,1,0,1,0,0,1,0,1,0,1,1,1,0,0,0,0,0,1,1,0,1,1,0,1,0,0,1,1,1,1,1,1,0,0,0,1,1,1,1,1,1,1,0,1
1,0,0,1,0,1,0,1,0,1,0,1,0,1,0,0,1,1,1,1,0,0,1,1,0,1,1,1,1,1,0,1,1,1,0,0,0,0,0,1,0,1,1,0,0,1
1,0,1,0,1,0,1,0,0,1,0,1,1,0,1,0,0,0,0,1,0,1,1,1,0,0,0,0,0,1,1,0,1,0,1,0,1,1,0,1,1,0,0,1,0,1
1,0,1,0,0,1,1,0,1,0,0,1,1,1,0,0,1,0,0,0,0,0,1,0,0,0,0,0,0,0,1,0,0,0,0,0,0,0,0,0,1,0,0,1,1,1
1,0,0,1,1,0,0,1,1,0,1,0,1,1,0,1,0,0,0,0,1,0,1,0,0,1,0,0,0,0,1,1,0,0,0,0,0,1,1,0,0,0,0,1,1,1
1,0,0,1,0,1,1,0,1,0,0,1,1,1,0,0,0,0,1,1,1,0,0,1,0,0,0,0,1,0,1,0,0,0,0,0,0,0,0,0,0,0,0,0,0,1
1,0,1,0,0,1,1,0,0,1,0,1,1,0,1,0,1,1,1,1,0,0,1,0,0,1,0,0,1,0,0,1,1,1,1,1,1,0,0,0,1,1,1,0,0,1
1,0,0,1,0,1,0,1,1,0,1,0,0,1,0,1,0,1,0,1,1,0,1,1,1,1,0,0,1,0,0,1,1,1,0,0,0,0,0,1,0,1,1,0,1,1
1,0,1,0,0,1,1,0,0,1,1,0,0,0,1,0,0,0,0,1,0,0,1,1,0,1,0,0,1,0,1,1,1,1,1,1,1,0,0,1,1,1,1,1,0,1
