Seed,Training accuracy,Training Unfairness(1),Training objective function,Test accuracy,Test unfairness,#Nodes explored for best solution,Cache size for best solution,Average length,CPU running time (s),Solving Status,Model
2,0.7622222222222222,0.08758727082138418,0.24677777777777776,0.71,0.10437575270975519,33294987,1110563,9,401.203482,TIME_OUT,"RULELIST:
 if [installment_rate(perc_disp_income)_low]: (recidivism:yes) = True
else if [previous_credit_payment_status_other_credits_existing]: (recidivism:yes) = True
else if [account_balance_na]: (recidivism:yes) = True
else if [savings_little__AND__guarantor_none]: (recidivism:yes) = False
else if [telephone_yes]: (recidivism:yes) = True
else if [account_balance_little]: (recidivism:yes) = False
else if [other_credits_none__AND__apartment_type_own]: (recidivism:yes) = True
else if [current_assets_real_estate]: (recidivism:yes) = True
else if [guarantor_none__AND__credit_duration_months_high]: (recidivism:yes) = True
else (recidivism:yes) = False"
