Seed,Training accuracy,Training Unfairness(1),Training objective function,Test accuracy,Test unfairness,#Nodes explored for best solution,Cache size for best solution,Average length,CPU running time (s),Solving Status,Model
1,0.75,0.06210455552040495,0.256,0.76,0.03434343434343434,5894966,691960,6,121.185008,TIME_OUT,"RULELIST:
 if [account_balance_na]: (recidivism:yes) = True
else if [installment_rate(perc_disp_income)_low]: (recidivism:yes) = True
else if [previous_credit_payment_status_other_credits_existing]: (recidivism:yes) = True
else if [credit_duration_months_low]: (recidivism:yes) = True
else if [savings_little__AND__guarantor_none]: (recidivism:yes) = False
else if [foreign_worker_yes__AND__telephone_no]: (recidivism:yes) = False
else (recidivism:yes) = True"
