Seed,Training accuracy,Training Unfairness(1),Training objective function,Test accuracy,Test unfairness,#Nodes explored for best solution,Cache size for best solution,Average length,CPU running time (s),Solving Status,Model
8,0.7644444444444445,0.02718450453488308,0.24855555555555553,0.72,0.22499999999999998,112677946,1263580,13,988.177981,OPT,"RULELIST:
 if [account_balance_na]: (recidivism:yes) = True
else if [previous_credit_payment_status_other_credits_existing]: (recidivism:yes) = True
else if [credit_duration_months_low]: (recidivism:yes) = True
else if [savings_little__AND__guarantor_none]: (recidivism:yes) = False
else if [occupation_skilled-employee__AND__guarantor_none]: (recidivism:yes) = True
else if [occupation_skilled-employee]: (recidivism:yes) = False
else if [current_assets_real_estate]: (recidivism:yes) = True
else if [employment_duration_>7_year]: (recidivism:yes) = False
else if [telephone_yes]: (recidivism:yes) = True
else if [previous_credit_payment_status_existing_credits_paid_till_now]: (recidivism:yes) = True
else if [account_balance_little]: (recidivism:yes) = False
else if [residence_duration_low]: (recidivism:yes) = True
else if [account_balance_moderate]: (recidivism:yes) = False
else (recidivism:yes) = True"
