Seed,Training accuracy,Training Unfairness(1),Training objective function,Test accuracy,Test unfairness,#Nodes explored for best solution,Cache size for best solution,Average length,CPU running time (s),Solving Status,Model
8,0.7577777777777778,0.050362245176262976,0.25022222222222223,0.73,0.25,39229187,1717991,8,502.341328,TIME_OUT,"RULELIST:
 if [previous_credit_payment_status_other_credits_existing]: (recidivism:yes) = True
else if [credit_duration_months_low]: (recidivism:yes) = True
else if [account_balance_na]: (recidivism:yes) = True
else if [savings_little__AND__guarantor_none]: (recidivism:yes) = False
else if [telephone_yes]: (recidivism:yes) = True
else if [credit_purpose_radio/television]: (recidivism:yes) = True
else if [foreign_worker_yes__AND__previous_credit_payment_status_existing_credits_paid_till_now]: (recidivism:yes) = False
else if [apartment_type_own]: (recidivism:yes) = True
else (recidivism:yes) = False"
