Seed,Training accuracy,Training Unfairness(1),Training objective function,Test accuracy,Test unfairness,#Nodes explored for best solution,Cache size for best solution,Average length,CPU running time (s),Solving Status,Model
13,0.7588888888888888,0.07592754082765185,0.24711111111111117,0.67,0.15259077927376574,4177749,459679,6,120.651921,TIME_OUT,"RULELIST:
 if [installment_rate(perc_disp_income)_low]: (recidivism:yes) = True
else if [account_balance_na]: (recidivism:yes) = True
else if [previous_credit_payment_status_other_credits_existing]: (recidivism:yes) = True
else if [savings_little__AND__guarantor_none]: (recidivism:yes) = False
else if [telephone_yes]: (recidivism:yes) = True
else if [account_balance_little]: (recidivism:yes) = False
else (recidivism:yes) = True"
