Seed,Training accuracy,Training Unfairness(1),Training objective function,Test accuracy,Test unfairness,#Nodes explored for best solution,Cache size for best solution,Average length,CPU running time (s),Solving Status,Model
18,0.7677777777777778,0.02307114178912606,0.24222222222222223,0.68,0.15174628663187484,87775468,1653188,10,1202.365608,TIME_OUT,"RULELIST:
 if [previous_credit_payment_status_other_credits_existing]: (recidivism:yes) = True
else if [installment_rate(perc_disp_income)_low]: (recidivism:yes) = True
else if [account_balance_little]: (recidivism:yes) = False
else if [credit_purpose_radio/television]: (recidivism:yes) = True
else if [guarantor_none__AND__apartment_type_own]: (recidivism:yes) = True
else if [current_assets_real_estate]: (recidivism:yes) = True
else if [foreign_worker_yes__AND__telephone_no]: (recidivism:yes) = False
else if [credit_duration_months_low]: (recidivism:yes) = True
else if [savings_little__AND__guarantor_none]: (recidivism:yes) = False
else if [residence_duration_high]: (recidivism:yes) = True
else (recidivism:yes) = False"
