Seed,Training accuracy,Training Unfairness(1),Training objective function,Test accuracy,Test unfairness,#Nodes explored for best solution,Cache size for best solution,Average length,CPU running time (s),Solving Status,Model
16,0.7544444444444445,0.0635012545840572,0.25155555555555553,0.7,0.011217948717948789,6124824,746140,6,120.783638,TIME_OUT,"RULELIST:
 if [credit_duration_months_low]: (recidivism:yes) = True
else if [previous_credit_payment_status_other_credits_existing]: (recidivism:yes) = True
else if [account_balance_na]: (recidivism:yes) = True
else if [savings_little__AND__guarantor_none]: (recidivism:yes) = False
else if [credit_amount_high]: (recidivism:yes) = True
else if [credit_purpose_radio/television]: (recidivism:yes) = True
else (recidivism:yes) = False"
