Seed,Training accuracy,Training Unfairness(1),Training objective function,Test accuracy,Test unfairness,#Nodes explored for best solution,Cache size for best solution,Average length,CPU running time (s),Solving Status,Model
4,0.7555555555555555,0.024617849671877412,0.25044444444444447,0.71,0.11698717948717952,5258904,568492,6,120.693668,TIME_OUT,"RULELIST:
 if [previous_credit_payment_status_other_credits_existing]: (recidivism:yes) = True
else if [account_balance_na]: (recidivism:yes) = True
else if [installment_rate(perc_disp_income)_low]: (recidivism:yes) = True
else if [account_balance_little]: (recidivism:yes) = False
else if [previous_credit_payment_status_existing_credits_paid_till_now]: (recidivism:yes) = True
else if [savings_little__AND__foreign_worker_yes]: (recidivism:yes) = False
else (recidivism:yes) = True"
