Seed,Training accuracy,Training Unfairness(1),Training objective function,Test accuracy,Test unfairness,#Nodes explored for best solution,Cache size for best solution,Average length,CPU running time (s),Solving Status,Model
1,0.7566666666666667,0.05528313824739006,0.2523333333333333,0.76,0.07070707070707061,57750933,1565266,9,502.035201,TIME_OUT,"RULELIST:
 if [account_balance_na]: (recidivism:yes) = True
else if [installment_rate(perc_disp_income)_low]: (recidivism:yes) = True
else if [credit_duration_months_low]: (recidivism:yes) = True
else if [savings_little__AND__guarantor_none]: (recidivism:yes) = False
else if [telephone_yes]: (recidivism:yes) = True
else if [foreign_worker_yes__AND__previous_credit_payment_status_existing_credits_paid_till_now]: (recidivism:yes) = False
else if [credit_amount_low]: (recidivism:yes) = False
else if [occupation_skilled-employee]: (recidivism:yes) = True
else if [other_credits_none__AND__guarantor_none]: (recidivism:yes) = False
else (recidivism:yes) = True"
