Seed,Training accuracy,Training Unfairness(1),Training objective function,Test accuracy,Test unfairness,#Nodes explored for best solution,Cache size for best solution,Average length,CPU running time (s),Solving Status,Model
11,0.7677777777777778,0.04725262226090565,0.24322222222222223,0.69,0.11217948717948723,55249145,761390,11,234.811472,OPT,"RULELIST:
 if [previous_credit_payment_status_other_credits_existing]: (recidivism:yes) = True
else if [credit_duration_months_low]: (recidivism:yes) = True
else if [account_balance_na]: (recidivism:yes) = True
else if [credit_amount_low]: (recidivism:yes) = False
else if [other_credits_none__AND__installment_rate(perc_disp_income)_high]: (recidivism:yes) = False
else if [credit_purpose_radio/television]: (recidivism:yes) = True
else if [account_balance_moderate]: (recidivism:yes) = True
else if [current_assets_real_estate]: (recidivism:yes) = True
else if [other_credits_none__AND__apartment_type_own]: (recidivism:yes) = False
else if [foreign_worker_yes__AND__previous_credit_payment_status_existing_credits_paid_till_now]: (recidivism:yes) = True
else if [savings_little]: (recidivism:yes) = False
else (recidivism:yes) = True"
