Seed,Training accuracy,Training Unfairness(1),Training objective function,Test accuracy,Test unfairness,#Nodes explored for best solution,Cache size for best solution,Average length,CPU running time (s),Solving Status,Model
18,0.7655555555555555,0.023387591226439297,0.24244444444444446,0.68,0.15174628663187484,47850315,2430151,8,503.348899,TIME_OUT,"RULELIST:
 if [installment_rate(perc_disp_income)_low]: (recidivism:yes) = True
else if [previous_credit_payment_status_other_credits_existing]: (recidivism:yes) = True
else if [account_balance_little]: (recidivism:yes) = False
else if [guarantor_none__AND__apartment_type_own]: (recidivism:yes) = True
else if [current_assets_real_estate]: (recidivism:yes) = True
else if [foreign_worker_yes__AND__telephone_no]: (recidivism:yes) = False
else if [credit_duration_months_low]: (recidivism:yes) = True
else if [savings_little__AND__guarantor_none]: (recidivism:yes) = False
else (recidivism:yes) = True"
