Seed,Training accuracy,Training Unfairness(1),Training objective function,Test accuracy,Test unfairness,#Nodes explored for best solution,Cache size for best solution,Average length,CPU running time (s),Solving Status,Model
19,0.7666666666666667,0.05161290322580636,0.2433333333333333,0.69,0.029790660225442855,53270849,680433,10,601.827564,OPT,"RULELIST:
 if [previous_credit_payment_status_other_credits_existing]: (recidivism:yes) = True
else if [account_balance_na]: (recidivism:yes) = True
else if [credit_duration_months_low]: (recidivism:yes) = True
else if [other_credits_none__AND__installment_rate(perc_disp_income)_high]: (recidivism:yes) = False
else if [credit_amount_low]: (recidivism:yes) = False
else if [other_credits_none__AND__apartment_type_own]: (recidivism:yes) = True
else if [foreign_worker_yes__AND__previous_credit_payment_status_existing_credits_paid_till_now]: (recidivism:yes) = True
else if [savings_little__AND__foreign_worker_yes]: (recidivism:yes) = False
else if [occupation_skilled-employee]: (recidivism:yes) = True
else if [employment_duration_>7_year]: (recidivism:yes) = False
else (recidivism:yes) = True"
