Seed,Training accuracy,Training Unfairness(1),Training objective function,Test accuracy,Test unfairness,#Nodes explored for best solution,Cache size for best solution,Average length,CPU running time (s),Solving Status,Model
0,0.7577777777777778,0.06510938079347428,0.25022222222222223,0.75,0.07326892109500804,33466762,1037513,8,301.17893699999996,TIME_OUT,"RULELIST:
 if [credit_duration_months_low]: (recidivism:yes) = True
else if [account_balance_na]: (recidivism:yes) = True
else if [previous_credit_payment_status_other_credits_existing]: (recidivism:yes) = True
else if [other_credits_none__AND__installment_rate(perc_disp_income)_high]: (recidivism:yes) = False
else if [credit_amount_low]: (recidivism:yes) = False
else if [other_credits_none__AND__apartment_type_own]: (recidivism:yes) = True
else if [foreign_worker_yes__AND__previous_credit_payment_status_existing_credits_paid_till_now]: (recidivism:yes) = True
else if [savings_little]: (recidivism:yes) = False
else (recidivism:yes) = True"
