Seed,Training accuracy,Training Unfairness(1),Training objective function,Test accuracy,Test unfairness,#Nodes explored for best solution,Cache size for best solution,Average length,CPU running time (s),Solving Status,Model
16,0.7655555555555555,0.07240954374712338,0.24544444444444447,0.7,0.028846153846153855,84007034,1246367,11,354.760012,OPT,"RULELIST:
 if [credit_duration_months_low]: (recidivism:yes) = True
else if [previous_credit_payment_status_other_credits_existing]: (recidivism:yes) = True
else if [account_balance_na]: (recidivism:yes) = True
else if [savings_little__AND__guarantor_none]: (recidivism:yes) = False
else if [telephone_yes]: (recidivism:yes) = True
else if [credit_purpose_radio/television]: (recidivism:yes) = True
else if [credit_amount_low]: (recidivism:yes) = False
else if [occupation_skilled-employee__AND__guarantor_none]: (recidivism:yes) = True
else if [other_credits_none__AND__installment_rate(perc_disp_income)_high]: (recidivism:yes) = False
else if [residence_duration_low]: (recidivism:yes) = True
else if [employment_duration_1<_<4_year]: (recidivism:yes) = False
else (recidivism:yes) = True"
