Seed,Training accuracy,Training Unfairness(1),Training objective function,Test accuracy,Test unfairness,#Nodes explored for best solution,Cache size for best solution,Average length,CPU running time (s),Solving Status,Model
15,0.7633333333333333,0.07689262741217218,0.2486666666666667,0.75,0.007202881152460927,56173118,281121,12,477.130618,OPT,"RULELIST:
 if [credit_duration_months_low]: (recidivism:yes) = True
else if [account_balance_na]: (recidivism:yes) = True
else if [account_balance_little]: (recidivism:yes) = False
else if [occupation_skilled-employee__AND__guarantor_none]: (recidivism:yes) = True
else if [occupation_skilled-employee__AND__foreign_worker_yes]: (recidivism:yes) = False
else if [credit_purpose_radio/television]: (recidivism:yes) = True
else if [credit_amount_low]: (recidivism:yes) = False
else if [current_assets_real_estate]: (recidivism:yes) = True
else if [other_credits_none__AND__installment_rate(perc_disp_income)_high]: (recidivism:yes) = False
else if [residence_duration_low]: (recidivism:yes) = True
else if [current_assets_car_other]: (recidivism:yes) = False
else if [employment_duration_>7_year]: (recidivism:yes) = False
else (recidivism:yes) = True"
