Seed,Training accuracy,Training Unfairness(1),Training objective function,Test accuracy,Test unfairness,#Nodes explored for best solution,Cache size for best solution,Average length,CPU running time (s),Solving Status,Model
16,0.7622222222222222,0.07474054607812575,0.24577777777777776,0.7,0.02564102564102566,43119958,1608710,8,401.87124,TIME_OUT,"RULELIST:
 if [credit_duration_months_low]: (recidivism:yes) = True
else if [previous_credit_payment_status_other_credits_existing]: (recidivism:yes) = True
else if [account_balance_na]: (recidivism:yes) = True
else if [savings_little__AND__guarantor_none]: (recidivism:yes) = False
else if [telephone_yes]: (recidivism:yes) = True
else if [credit_purpose_radio/television]: (recidivism:yes) = True
else if [credit_amount_low]: (recidivism:yes) = False
else if [apartment_type_own]: (recidivism:yes) = True
else (recidivism:yes) = False"
