Seed,Training accuracy,Training Unfairness(1),Training objective function,Test accuracy,Test unfairness,#Nodes explored for best solution,Cache size for best solution,Average length,CPU running time (s),Solving Status,Model
17,0.7655555555555555,0.012991380290884202,0.24744444444444447,0.71,0.11378205128205121,127149270,778153,13,511.135485,OPT,"RULELIST:
 if [credit_duration_months_low]: (recidivism:yes) = True
else if [account_balance_na]: (recidivism:yes) = True
else if [credit_amount_low]: (recidivism:yes) = False
else if [previous_credit_payment_status_other_credits_existing]: (recidivism:yes) = True
else if [other_credits_none__AND__installment_rate(perc_disp_income)_high]: (recidivism:yes) = False
else if [other_credits_none__AND__guarantor_none]: (recidivism:yes) = True
else if [installment_rate(perc_disp_income)_high__AND__guarantor_none]: (recidivism:yes) = True
else if [employment_duration_>7_year]: (recidivism:yes) = False
else if [residence_duration_high__AND__guarantor_none]: (recidivism:yes) = True
else if [account_balance_moderate]: (recidivism:yes) = False
else if [employment_duration_1<_<4_year]: (recidivism:yes) = True
else if [telephone_yes]: (recidivism:yes) = False
else if [previous_credit_payment_status_existing_credits_paid_till_now]: (recidivism:yes) = True
else (recidivism:yes) = False"
