Seed,Training accuracy,Training Unfairness(1),Training objective function,Test accuracy,Test unfairness,#Nodes explored for best solution,Cache size for best solution,Average length,CPU running time (s),Solving Status,Model
16,0.7644444444444445,0.0702864014965926,0.24555555555555553,0.7,0.012820512820512775,71544381,1276461,10,600.952079,TIME_OUT,"RULELIST:
 if [previous_credit_payment_status_other_credits_existing]: (recidivism:yes) = True
else if [credit_duration_months_low]: (recidivism:yes) = True
else if [account_balance_na]: (recidivism:yes) = True
else if [savings_little__AND__guarantor_none]: (recidivism:yes) = False
else if [telephone_yes]: (recidivism:yes) = True
else if [credit_purpose_radio/television]: (recidivism:yes) = True
else if [credit_amount_low]: (recidivism:yes) = False
else if [occupation_skilled-employee__AND__guarantor_none]: (recidivism:yes) = True
else if [other_credits_none__AND__installment_rate(perc_disp_income)_high]: (recidivism:yes) = False
else if [residence_duration_high]: (recidivism:yes) = False
else (recidivism:yes) = True"
