Seed,Training accuracy,Training Unfairness(1),Training objective function,Test accuracy,Test unfairness,#Nodes explored for best solution,Cache size for best solution,Average length,CPU running time (s),Solving Status,Model
10,0.7633333333333333,0.06303418803418803,0.2476666666666667,0.67,0.11004401760704285,54434658,579018,11,257.835239,OPT,"RULELIST:
 if [current_assets_real_estate]: (recidivism:yes) = True
else if [account_balance_na]: (recidivism:yes) = True
else if [previous_credit_payment_status_other_credits_existing]: (recidivism:yes) = True
else if [account_balance_little]: (recidivism:yes) = False
else if [credit_purpose_radio/television]: (recidivism:yes) = True
else if [other_credits_none__AND__apartment_type_own]: (recidivism:yes) = True
else if [telephone_no]: (recidivism:yes) = False
else if [credit_duration_months_low]: (recidivism:yes) = True
else if [occupation_skilled-employee]: (recidivism:yes) = True
else if [savings_little]: (recidivism:yes) = False
else if [employment_duration_>7_year]: (recidivism:yes) = False
else (recidivism:yes) = True"
