Seed,Training accuracy,Training Unfairness(1),Training objective function,Test accuracy,Test unfairness,#Nodes explored for best solution,Cache size for best solution,Average length,CPU running time (s),Solving Status,Model
17,0.7588888888888888,0.016937753139047884,0.24911111111111117,0.71,0.11698717948717952,29754807,978320,8,502.08990700000004,TIME_OUT,"RULELIST:
 if [credit_duration_months_low]: (recidivism:yes) = True
else if [account_balance_na]: (recidivism:yes) = True
else if [credit_amount_low]: (recidivism:yes) = False
else if [previous_credit_payment_status_other_credits_existing]: (recidivism:yes) = True
else if [other_credits_none__AND__installment_rate(perc_disp_income)_high]: (recidivism:yes) = False
else if [current_assets_car_other]: (recidivism:yes) = True
else if [foreign_worker_yes__AND__previous_credit_payment_status_existing_credits_paid_till_now]: (recidivism:yes) = True
else if [savings_little__AND__guarantor_none]: (recidivism:yes) = False
else (recidivism:yes) = True"
