Seed,Training accuracy,Training Unfairness(1),Training objective function,Test accuracy,Test unfairness,#Nodes explored for best solution,Cache size for best solution,Average length,CPU running time (s),Solving Status,Model
4,0.7588888888888888,0.027936165688315695,0.24811111111111117,0.72,0.09615384615384615,14053524,674515,7,120.88811600000001,TIME_OUT,"RULELIST:
 if [previous_credit_payment_status_other_credits_existing]: (recidivism:yes) = True
else if [account_balance_na]: (recidivism:yes) = True
else if [installment_rate(perc_disp_income)_low]: (recidivism:yes) = True
else if [account_balance_little]: (recidivism:yes) = False
else if [credit_duration_months_low]: (recidivism:yes) = True
else if [credit_purpose_radio/television]: (recidivism:yes) = True
else if [savings_little]: (recidivism:yes) = False
else (recidivism:yes) = True"
