Seed,Training accuracy,Training Unfairness(1),Training objective function,Test accuracy,Test unfairness,#Nodes explored for best solution,Cache size for best solution,Average length,CPU running time (s),Solving Status,Model
8,0.7622222222222222,0.035822849463698625,0.24877777777777776,0.71,0.18333333333333335,100090235,1966901,11,402.125373,TIME_OUT,"RULELIST:
 if [previous_credit_payment_status_other_credits_existing]: (recidivism:yes) = True
else if [credit_duration_months_low]: (recidivism:yes) = True
else if [account_balance_little]: (recidivism:yes) = False
else if [guarantor_none__AND__apartment_type_own]: (recidivism:yes) = True
else if [current_assets_car_other]: (recidivism:yes) = False
else if [current_assets_real_estate]: (recidivism:yes) = True
else if [account_balance_na]: (recidivism:yes) = True
else if [savings_little__AND__foreign_worker_yes]: (recidivism:yes) = False
else if [installment_rate(perc_disp_income)_high__AND__guarantor_none]: (recidivism:yes) = True
else if [guarantor_none__AND__telephone_no]: (recidivism:yes) = True
else if [previous_credit_payment_status_existing_credits_paid_till_now]: (recidivism:yes) = False
else (recidivism:yes) = True"
