Seed,Training accuracy,Training Unfairness(1),Training objective function,Test accuracy,Test unfairness,#Nodes explored for best solution,Cache size for best solution,Average length,CPU running time (s),Solving Status,Model
3,0.7688888888888888,0.09496599177475484,0.24011111111111116,0.65,0.0888888888888889,54998577,1333562,9,501.2831,TIME_OUT,"RULELIST:
 if [installment_rate(perc_disp_income)_low]: (recidivism:yes) = True
else if [previous_credit_payment_status_other_credits_existing]: (recidivism:yes) = True
else if [account_balance_na]: (recidivism:yes) = True
else if [savings_little__AND__guarantor_none]: (recidivism:yes) = False
else if [telephone_yes]: (recidivism:yes) = True
else if [account_balance_little]: (recidivism:yes) = False
else if [current_assets_real_estate]: (recidivism:yes) = True
else if [employment_duration_>7_year]: (recidivism:yes) = True
else if [current_assets_car_other]: (recidivism:yes) = True
else (recidivism:yes) = False"
