Seed,Training accuracy,Training Unfairness(1),Training objective function,Test accuracy,Test unfairness,#Nodes explored for best solution,Cache size for best solution,Average length,CPU running time (s),Solving Status,Model
8,0.7533333333333333,0.030209412919830037,0.2526666666666667,0.71,0.25,5033145,540217,6,120.988946,TIME_OUT,"RULELIST:
 if [previous_credit_payment_status_other_credits_existing]: (recidivism:yes) = True
else if [credit_duration_months_low]: (recidivism:yes) = True
else if [account_balance_na]: (recidivism:yes) = True
else if [savings_little__AND__guarantor_none]: (recidivism:yes) = False
else if [guarantor_none__AND__credit_duration_months_high]: (recidivism:yes) = True
else if [occupation_skilled-employee]: (recidivism:yes) = False
else (recidivism:yes) = True"
