Seed,Training accuracy,Training Unfairness(1),Training objective function,Test accuracy,Test unfairness,#Nodes explored for best solution,Cache size for best solution,Average length,CPU running time (s),Solving Status,Model
6,0.76,0.04555520404935143,0.25,0.74,0.08484848484848484,46335274,568632,10,500.493956,TIME_OUT,"RULELIST:
 if [account_balance_na]: (recidivism:yes) = True
else if [credit_duration_months_low]: (recidivism:yes) = True
else if [installment_rate(perc_disp_income)_low]: (recidivism:yes) = True
else if [savings_little__AND__guarantor_none]: (recidivism:yes) = False
else if [telephone_yes]: (recidivism:yes) = True
else if [credit_amount_low]: (recidivism:yes) = False
else if [occupation_skilled-employee__AND__guarantor_none]: (recidivism:yes) = True
else if [other_credits_none__AND__guarantor_none]: (recidivism:yes) = False
else if [apartment_type_own]: (recidivism:yes) = True
else if [previous_credit_payment_status_existing_credits_paid_till_now]: (recidivism:yes) = False
else (recidivism:yes) = True"
