Seed,Training accuracy,Training Unfairness(1),Training objective function,Test accuracy,Test unfairness,#Nodes explored for best solution,Cache size for best solution,Average length,CPU running time (s),Solving Status,Model
14,0.7511111111111111,0.05122217879775792,0.25388888888888894,0.71,0.020000000000000018,1057986,237651,5,120.73173999999999,TIME_OUT,"RULELIST:
 if [previous_credit_payment_status_other_credits_existing]: (recidivism:yes) = True
else if [installment_rate(perc_disp_income)_low]: (recidivism:yes) = True
else if [account_balance_little]: (recidivism:yes) = False
else if [apartment_type_own]: (recidivism:yes) = True
else if [account_balance_moderate]: (recidivism:yes) = False
else (recidivism:yes) = True"
