Seed,Training accuracy,Training Unfairness(1),Training objective function,Test accuracy,Test unfairness,#Nodes explored for best solution,Cache size for best solution,Average length,CPU running time (s),Solving Status,Model
4,0.7644444444444445,0.039819792197259285,0.24555555555555553,0.7,0.05769230769230771,35918683,422396,10,400.409765,TIME_OUT,"RULELIST:
 if [installment_rate(perc_disp_income)_low]: (recidivism:yes) = True
else if [previous_credit_payment_status_other_credits_existing]: (recidivism:yes) = True
else if [account_balance_na]: (recidivism:yes) = True
else if [account_balance_little]: (recidivism:yes) = False
else if [credit_purpose_radio/television]: (recidivism:yes) = True
else if [credit_duration_months_low]: (recidivism:yes) = True
else if [savings_little__AND__foreign_worker_yes]: (recidivism:yes) = False
else if [employment_duration_1<_<4_year]: (recidivism:yes) = True
else if [previous_credit_payment_status_existing_credits_paid_till_now]: (recidivism:yes) = False
else if [credit_amount_high]: (recidivism:yes) = True
else (recidivism:yes) = False"
