Seed,Training accuracy,Training Unfairness(1),Training objective function,Test accuracy,Test unfairness,#Nodes explored for best solution,Cache size for best solution,Average length,CPU running time (s),Solving Status,Model
3,0.7711111111111111,0.09037883581145201,0.23988888888888893,0.65,0.0888888888888889,70740047,861418,11,985.057231,OPT,"RULELIST:
 if [account_balance_na]: (recidivism:yes) = True
else if [previous_credit_payment_status_other_credits_existing]: (recidivism:yes) = True
else if [installment_rate(perc_disp_income)_low]: (recidivism:yes) = True
else if [savings_little__AND__guarantor_none]: (recidivism:yes) = False
else if [telephone_yes]: (recidivism:yes) = True
else if [account_balance_little]: (recidivism:yes) = False
else if [employment_duration_>7_year]: (recidivism:yes) = True
else if [current_assets_car_other]: (recidivism:yes) = True
else if [current_assets_real_estate]: (recidivism:yes) = True
else if [other_credits_none__AND__installment_rate(perc_disp_income)_high]: (recidivism:yes) = False
else if [credit_amount_high]: (recidivism:yes) = True
else (recidivism:yes) = False"
