Seed,Training accuracy,Training Unfairness(1),Training objective function,Test accuracy,Test unfairness,#Nodes explored for best solution,Cache size for best solution,Average length,CPU running time (s),Solving Status,Model
6,0.7566666666666667,0.04757197089528631,0.2513333333333333,0.74,0.08484848484848484,28372669,818142,8,121.14280199999999,TIME_OUT,"RULELIST:
 if [installment_rate(perc_disp_income)_low]: (recidivism:yes) = True
else if [credit_duration_months_low]: (recidivism:yes) = True
else if [account_balance_na]: (recidivism:yes) = True
else if [savings_little__AND__guarantor_none]: (recidivism:yes) = False
else if [telephone_yes]: (recidivism:yes) = True
else if [credit_amount_low]: (recidivism:yes) = False
else if [apartment_type_own]: (recidivism:yes) = True
else if [employment_duration_>7_year]: (recidivism:yes) = True
else (recidivism:yes) = False"
