Seed,Training accuracy,Training Unfairness(1),Training objective function,Test accuracy,Test unfairness,#Nodes explored for best solution,Cache size for best solution,Average length,CPU running time (s),Solving Status,Model
14,0.7666666666666667,0.041565457432756636,0.2453333333333333,0.72,0.0,119008703,981045,12,1436.429495,OPT,"RULELIST:
 if [previous_credit_payment_status_other_credits_existing]: (recidivism:yes) = True
else if [installment_rate(perc_disp_income)_low]: (recidivism:yes) = True
else if [account_balance_little]: (recidivism:yes) = False
else if [current_assets_car_other]: (recidivism:yes) = True
else if [account_balance_na]: (recidivism:yes) = True
else if [credit_duration_months_low]: (recidivism:yes) = True
else if [savings_little__AND__guarantor_none]: (recidivism:yes) = False
else if [telephone_yes]: (recidivism:yes) = True
else if [employment_duration_>7_year]: (recidivism:yes) = True
else if [other_credits_none__AND__guarantor_none]: (recidivism:yes) = False
else if [occupation_skilled-employee__AND__foreign_worker_yes]: (recidivism:yes) = False
else if [residence_duration_high__AND__guarantor_none]: (recidivism:yes) = False
else (recidivism:yes) = True"
