Seed,Training accuracy,Training Unfairness(1),Training objective function,Test accuracy,Test unfairness,#Nodes explored for best solution,Cache size for best solution,Average length,CPU running time (s),Solving Status,Model
12,0.7644444444444445,0.03734218217604379,0.24255555555555552,0.67,0.009615384615384581,9786601,478978,7,120.611225,TIME_OUT,"RULELIST:
 if [credit_duration_months_low]: (recidivism:yes) = True
else if [account_balance_na]: (recidivism:yes) = True
else if [installment_rate(perc_disp_income)_low]: (recidivism:yes) = True
else if [savings_little__AND__guarantor_none]: (recidivism:yes) = False
else if [telephone_yes]: (recidivism:yes) = True
else if [credit_amount_low]: (recidivism:yes) = False
else if [apartment_type_own]: (recidivism:yes) = True
else (recidivism:yes) = False"
