Seed,Training accuracy,Training Unfairness(1),Training objective function,Test accuracy,Test unfairness,#Nodes explored for best solution,Cache size for best solution,Average length,CPU running time (s),Solving Status,Model
7,0.7577777777777778,0.0732388241863039,0.25122222222222224,0.75,0.0008210180623973162,38987550,941098,9,401.092782,TIME_OUT,"RULELIST:
 if [credit_duration_months_low]: (recidivism:yes) = True
else if [account_balance_little]: (recidivism:yes) = False
else if [account_balance_na]: (recidivism:yes) = True
else if [occupation_skilled-employee__AND__guarantor_none]: (recidivism:yes) = True
else if [occupation_skilled-employee]: (recidivism:yes) = False
else if [credit_purpose_radio/television]: (recidivism:yes) = True
else if [employment_duration_>7_year]: (recidivism:yes) = False
else if [savings_little]: (recidivism:yes) = False
else if [telephone_no]: (recidivism:yes) = False
else (recidivism:yes) = True"
