Seed,Training accuracy,Training Unfairness(1),Training objective function,Test accuracy,Test unfairness,#Nodes explored for best solution,Cache size for best solution,Average length,CPU running time (s),Solving Status,Model
8,0.7555555555555555,0.02214629647077493,0.25144444444444447,0.72,0.18333333333333335,16360368,1068206,7,301.447653,TIME_OUT,"RULELIST:
 if [credit_duration_months_low]: (recidivism:yes) = True
else if [previous_credit_payment_status_other_credits_existing]: (recidivism:yes) = True
else if [account_balance_na]: (recidivism:yes) = True
else if [savings_little__AND__guarantor_none]: (recidivism:yes) = False
else if [occupation_skilled-employee__AND__guarantor_none]: (recidivism:yes) = True
else if [occupation_skilled-employee__AND__foreign_worker_yes]: (recidivism:yes) = False
else if [employment_duration_>7_year]: (recidivism:yes) = False
else (recidivism:yes) = True"
