Seed,Training accuracy,Training Unfairness(1),Training objective function,Test accuracy,Test unfairness,#Nodes explored for best solution,Cache size for best solution,Average length,CPU running time (s),Solving Status,Model
13,0.7666666666666667,0.08377596321547487,0.2423333333333333,0.67,0.18767849857201135,24460250,404330,9,105.39079699999999,OPT,"RULELIST:
 if [account_balance_na]: (recidivism:yes) = True
else if [previous_credit_payment_status_other_credits_existing]: (recidivism:yes) = True
else if [installment_rate(perc_disp_income)_low]: (recidivism:yes) = True
else if [savings_little__AND__guarantor_none]: (recidivism:yes) = False
else if [telephone_yes]: (recidivism:yes) = True
else if [account_balance_little]: (recidivism:yes) = False
else if [current_assets_real_estate]: (recidivism:yes) = True
else if [occupation_skilled-employee__AND__guarantor_none]: (recidivism:yes) = True
else if [account_balance_moderate]: (recidivism:yes) = False
else (recidivism:yes) = True"
