Seed,Training accuracy,Training Unfairness(1),Training objective function,Test accuracy,Test unfairness,#Nodes explored for best solution,Cache size for best solution,Average length,CPU running time (s),Solving Status,Model
3,0.7633333333333333,0.07363176210060107,0.2436666666666667,0.64,0.0626262626262627,17628450,1065052,7,301.40443600000003,TIME_OUT,"RULELIST:
 if [installment_rate(perc_disp_income)_low]: (recidivism:yes) = True
else if [previous_credit_payment_status_other_credits_existing]: (recidivism:yes) = True
else if [account_balance_na]: (recidivism:yes) = True
else if [savings_little__AND__guarantor_none]: (recidivism:yes) = False
else if [account_balance_moderate]: (recidivism:yes) = True
else if [credit_purpose_radio/television]: (recidivism:yes) = True
else if [foreign_worker_yes__AND__telephone_no]: (recidivism:yes) = False
else (recidivism:yes) = True"
