Seed,Training accuracy,Training Unfairness(1),Training objective function,Test accuracy,Test unfairness,#Nodes explored for best solution,Cache size for best solution,Average length,CPU running time (s),Solving Status,Model
5,0.76,0.09551170697667521,0.249,0.72,0.07852564102564108,38792803,619873,9,500.78470799999997,TIME_OUT,"RULELIST:
 if [previous_credit_payment_status_other_credits_existing]: (recidivism:yes) = True
else if [installment_rate(perc_disp_income)_low]: (recidivism:yes) = True
else if [account_balance_na]: (recidivism:yes) = True
else if [savings_little__AND__guarantor_none]: (recidivism:yes) = False
else if [telephone_yes]: (recidivism:yes) = True
else if [credit_purpose_radio/television]: (recidivism:yes) = True
else if [account_balance_little]: (recidivism:yes) = False
else if [guarantor_none__AND__apartment_type_own]: (recidivism:yes) = True
else if [occupation_skilled-employee__AND__other_credits_none]: (recidivism:yes) = True
else (recidivism:yes) = False"
