Seed,Training accuracy,Training Unfairness(1),Training objective function,Test accuracy,Test unfairness,#Nodes explored for best solution,Cache size for best solution,Average length,CPU running time (s),Solving Status,Model
7,0.7544444444444445,0.07508190079010169,0.25255555555555553,0.73,0.005747126436781658,14552706,789480,7,300.857159,TIME_OUT,"RULELIST:
 if [credit_duration_months_low]: (recidivism:yes) = True
else if [account_balance_na]: (recidivism:yes) = True
else if [account_balance_little]: (recidivism:yes) = False
else if [occupation_skilled-employee__AND__guarantor_none]: (recidivism:yes) = True
else if [occupation_skilled-employee]: (recidivism:yes) = False
else if [credit_purpose_radio/television]: (recidivism:yes) = True
else if [savings_little]: (recidivism:yes) = False
else (recidivism:yes) = True"
