Seed,Training accuracy,Training Unfairness(1),Training objective function,Test accuracy,Test unfairness,#Nodes explored for best solution,Cache size for best solution,Average length,CPU running time (s),Solving Status,Model
18,0.7666666666666667,0.020766994323688226,0.2423333333333333,0.68,0.15174628663187484,67859812,1589206,9,602.091845,TIME_OUT,"RULELIST:
 if [installment_rate(perc_disp_income)_low]: (recidivism:yes) = True
else if [previous_credit_payment_status_other_credits_existing]: (recidivism:yes) = True
else if [account_balance_little]: (recidivism:yes) = False
else if [credit_purpose_radio/television]: (recidivism:yes) = True
else if [guarantor_none__AND__apartment_type_own]: (recidivism:yes) = True
else if [current_assets_real_estate]: (recidivism:yes) = True
else if [foreign_worker_yes__AND__telephone_no]: (recidivism:yes) = False
else if [credit_duration_months_low]: (recidivism:yes) = True
else if [savings_little__AND__guarantor_none]: (recidivism:yes) = False
else (recidivism:yes) = True"
