Seed,Training accuracy,Training Unfairness(1),Training objective function,Test accuracy,Test unfairness,#Nodes explored for best solution,Cache size for best solution,Average length,CPU running time (s),Solving Status,Model
1,0.7577777777777778,0.05271274913002211,0.25222222222222224,0.76,0.07070707070707061,71888371,1361545,10,301.529967,TIME_OUT,"RULELIST:
 if [account_balance_na]: (recidivism:yes) = True
else if [installment_rate(perc_disp_income)_low]: (recidivism:yes) = True
else if [credit_duration_months_low]: (recidivism:yes) = True
else if [savings_little__AND__guarantor_none]: (recidivism:yes) = False
else if [telephone_yes]: (recidivism:yes) = True
else if [foreign_worker_yes__AND__previous_credit_payment_status_existing_credits_paid_till_now]: (recidivism:yes) = False
else if [occupation_skilled-employee__AND__guarantor_none]: (recidivism:yes) = True
else if [other_credits_none__AND__guarantor_none]: (recidivism:yes) = False
else if [credit_amount_high]: (recidivism:yes) = True
else if [previous_credit_payment_status_existing_credits_paid_till_now]: (recidivism:yes) = True
else (recidivism:yes) = False"
