Seed,Training accuracy,Training Unfairness(1),Training objective function,Test accuracy,Test unfairness,#Nodes explored for best solution,Cache size for best solution,Average length,CPU running time (s),Solving Status,Model
2,0.7577777777777778,0.09251201518957297,0.24922222222222223,0.72,0.0855078281814533,9205253,546001,7,120.972883,TIME_OUT,"RULELIST:
 if [installment_rate(perc_disp_income)_low]: (recidivism:yes) = True
else if [previous_credit_payment_status_other_credits_existing]: (recidivism:yes) = True
else if [account_balance_na]: (recidivism:yes) = True
else if [savings_little__AND__guarantor_none]: (recidivism:yes) = False
else if [telephone_yes]: (recidivism:yes) = True
else if [account_balance_little]: (recidivism:yes) = False
else if [apartment_type_own]: (recidivism:yes) = True
else (recidivism:yes) = False"
