Seed,Training accuracy,Training Unfairness(1),Training objective function,Test accuracy,Test unfairness,#Nodes explored for best solution,Cache size for best solution,Average length,CPU running time (s),Solving Status,Model
9,0.7533333333333333,0.059421035957547885,0.2536666666666667,0.75,0.10598153352067441,14160546,800997,7,121.03554799999999,TIME_OUT,"RULELIST:
 if [credit_duration_months_low]: (recidivism:yes) = True
else if [account_balance_na]: (recidivism:yes) = True
else if [previous_credit_payment_status_other_credits_existing]: (recidivism:yes) = True
else if [account_balance_little]: (recidivism:yes) = False
else if [occupation_skilled-employee__AND__guarantor_none]: (recidivism:yes) = True
else if [savings_little__AND__guarantor_none]: (recidivism:yes) = False
else if [occupation_skilled-employee]: (recidivism:yes) = False
else (recidivism:yes) = True"
