Seed,Training accuracy,Training Unfairness(1),Training objective function,Test accuracy,Test unfairness,#Nodes explored for best solution,Cache size for best solution,Average length,CPU running time (s),Solving Status,Model
12,0.7622222222222222,0.053127673568698075,0.24377777777777776,0.65,0.04807692307692313,4059420,432143,6,120.53914,TIME_OUT,"RULELIST:
 if [previous_credit_payment_status_other_credits_existing]: (recidivism:yes) = True
else if [installment_rate(perc_disp_income)_low]: (recidivism:yes) = True
else if [credit_duration_months_low]: (recidivism:yes) = True
else if [account_balance_na]: (recidivism:yes) = True
else if [foreign_worker_yes__AND__telephone_no]: (recidivism:yes) = False
else if [savings_little__AND__guarantor_none]: (recidivism:yes) = False
else (recidivism:yes) = True"
