Seed,Training accuracy,Training Unfairness(1),Training objective function,Test accuracy,Test unfairness,#Nodes explored for best solution,Cache size for best solution,Average length,CPU running time (s),Solving Status,Model
3,0.7655555555555555,0.06376542233470417,0.24244444444444446,0.68,0.10303030303030303,36800703,1422519,8,501.909086,TIME_OUT,"RULELIST:
 if [account_balance_na]: (recidivism:yes) = True
else if [credit_duration_months_low]: (recidivism:yes) = True
else if [previous_credit_payment_status_other_credits_existing]: (recidivism:yes) = True
else if [credit_amount_low]: (recidivism:yes) = False
else if [other_credits_none__AND__installment_rate(perc_disp_income)_high]: (recidivism:yes) = False
else if [account_balance_moderate]: (recidivism:yes) = True
else if [previous_credit_payment_status_existing_credits_paid_till_now]: (recidivism:yes) = True
else if [savings_little__AND__foreign_worker_yes]: (recidivism:yes) = False
else (recidivism:yes) = True"
