Seed,Training accuracy,Training Unfairness(1),Training objective function,Test accuracy,Test unfairness,#Nodes explored for best solution,Cache size for best solution,Average length,CPU running time (s),Solving Status,Model
0,0.76,0.06614757137560245,0.249,0.75,0.03301127214170696,46646012,913684,9,799.285839,OPT,"RULELIST:
 if [credit_duration_months_low]: (recidivism:yes) = True
else if [account_balance_na]: (recidivism:yes) = True
else if [previous_credit_payment_status_other_credits_existing]: (recidivism:yes) = True
else if [other_credits_none__AND__installment_rate(perc_disp_income)_high]: (recidivism:yes) = False
else if [credit_amount_low]: (recidivism:yes) = False
else if [account_balance_moderate]: (recidivism:yes) = True
else if [other_credits_none__AND__apartment_type_own]: (recidivism:yes) = False
else if [previous_credit_payment_status_existing_credits_paid_till_now]: (recidivism:yes) = True
else if [savings_little__AND__foreign_worker_yes]: (recidivism:yes) = False
else (recidivism:yes) = True"
