Seed,Training accuracy,Training Unfairness(1),Training objective function,Test accuracy,Test unfairness,#Nodes explored for best solution,Cache size for best solution,Average length,CPU running time (s),Solving Status,Model
5,0.7611111111111111,0.09825842946862062,0.24888888888888894,0.71,0.059294871794871806,44350284,578382,10,400.48089400000003,TIME_OUT,"RULELIST:
 if [installment_rate(perc_disp_income)_low]: (recidivism:yes) = True
else if [previous_credit_payment_status_other_credits_existing]: (recidivism:yes) = True
else if [account_balance_na]: (recidivism:yes) = True
else if [savings_little__AND__guarantor_none]: (recidivism:yes) = False
else if [telephone_yes]: (recidivism:yes) = True
else if [credit_purpose_radio/television]: (recidivism:yes) = True
else if [account_balance_little]: (recidivism:yes) = False
else if [other_credits_none__AND__apartment_type_own]: (recidivism:yes) = True
else if [residence_duration_high__AND__guarantor_none]: (recidivism:yes) = False
else if [previous_credit_payment_status_existing_credits_paid_till_now]: (recidivism:yes) = False
else (recidivism:yes) = True"
