Seed,Training accuracy,Training Unfairness(1),Training objective function,Test accuracy,Test unfairness,#Nodes explored for best solution,Cache size for best solution,Average length,CPU running time (s),Solving Status,Model
10,0.7611111111111111,0.07318376068376065,0.24788888888888894,0.72,0.009603841536614643,40070372,753561,9,400.716902,TIME_OUT,"RULELIST:
 if [credit_duration_months_low]: (recidivism:yes) = True
else if [account_balance_na]: (recidivism:yes) = True
else if [account_balance_little]: (recidivism:yes) = False
else if [occupation_skilled-employee__AND__guarantor_none]: (recidivism:yes) = True
else if [occupation_skilled-employee]: (recidivism:yes) = False
else if [credit_purpose_radio/television]: (recidivism:yes) = True
else if [foreign_worker_yes__AND__telephone_no]: (recidivism:yes) = False
else if [employment_duration_>7_year]: (recidivism:yes) = False
else if [savings_little]: (recidivism:yes) = False
else (recidivism:yes) = True"
