Seed,Training accuracy,Training Unfairness(1),Training objective function,Test accuracy,Test unfairness,#Nodes explored for best solution,Cache size for best solution,Average length,CPU running time (s),Solving Status,Model
4,0.7655555555555555,0.041792978621341015,0.24544444444444447,0.7,0.05769230769230771,38316691,340127,11,331.121347,OPT,"RULELIST:
 if [account_balance_na]: (recidivism:yes) = True
else if [previous_credit_payment_status_other_credits_existing]: (recidivism:yes) = True
else if [installment_rate(perc_disp_income)_low]: (recidivism:yes) = True
else if [account_balance_little]: (recidivism:yes) = False
else if [credit_purpose_radio/television]: (recidivism:yes) = True
else if [credit_duration_months_low]: (recidivism:yes) = True
else if [savings_little]: (recidivism:yes) = False
else if [employment_duration_1<_<4_year]: (recidivism:yes) = True
else if [employment_duration_>7_year]: (recidivism:yes) = True
else if [previous_credit_payment_status_existing_credits_paid_till_now]: (recidivism:yes) = False
else if [credit_amount_high]: (recidivism:yes) = True
else (recidivism:yes) = False"
