Seed,Training accuracy,Training Unfairness(1),Training objective function,Test accuracy,Test unfairness,#Nodes explored for best solution,Cache size for best solution,Average length,CPU running time (s),Solving Status,Model
17,0.7622222222222222,0.0077443858148171785,0.24777777777777776,0.7,0.13942307692307687,64582615,1669069,10,602.01608,TIME_OUT,"RULELIST:
 if [credit_duration_months_low]: (recidivism:yes) = True
else if [account_balance_na]: (recidivism:yes) = True
else if [credit_amount_low]: (recidivism:yes) = False
else if [previous_credit_payment_status_other_credits_existing]: (recidivism:yes) = True
else if [other_credits_none__AND__installment_rate(perc_disp_income)_high]: (recidivism:yes) = False
else if [current_assets_car_other]: (recidivism:yes) = True
else if [savings_little__AND__guarantor_none]: (recidivism:yes) = False
else if [telephone_no]: (recidivism:yes) = True
else if [installment_rate(perc_disp_income)_high]: (recidivism:yes) = True
else if [occupation_skilled-employee__AND__foreign_worker_yes]: (recidivism:yes) = False
else (recidivism:yes) = True"
