Seed,Training accuracy,Training Unfairness(1),Training objective function,Test accuracy,Test unfairness,#Nodes explored for best solution,Cache size for best solution,Average length,CPU running time (s),Solving Status,Model
18,0.76,0.02998358418543945,0.246,0.67,0.13046969088719396,5577983,588179,6,121.08377300000001,TIME_OUT,"RULELIST:
 if [installment_rate(perc_disp_income)_low]: (recidivism:yes) = True
else if [previous_credit_payment_status_other_credits_existing]: (recidivism:yes) = True
else if [account_balance_little]: (recidivism:yes) = False
else if [guarantor_none__AND__apartment_type_own]: (recidivism:yes) = True
else if [current_assets_real_estate]: (recidivism:yes) = True
else if [account_balance_moderate]: (recidivism:yes) = False
else (recidivism:yes) = True"
