Seed,Training accuracy,Training Unfairness(3),Training objective function,Test accuracy,Test unfairness,#Nodes explored for best solution,Cache size for best solution,Average length,CPU running time (s),Solving Status,Model
9,0.6753387533875339,0.1717266752664434,0.3306612466124661,0.656910569105691,0.20454545454545453,2440,133,6,0.16157500000000002,OPT,"RULELIST:
 if [priors_count_high]: (recidivism:yes) = True
else if [age_high]: (recidivism:yes) = False
else if [age_very_high]: (recidivism:yes) = False
else if [priors_count_middle]: (recidivism:yes) = True
else if [sex_Female]: (recidivism:yes) = False
else if [age_very_low]: (recidivism:yes) = True
else (recidivism:yes) = False"
