Seed,Training accuracy,Training Unfairness(1),Training objective function,Test accuracy,Test unfairness,#Nodes explored for best solution,Cache size for best solution,Average length,CPU running time (s),Solving Status,Model
15,0.6731707317073171,0.2375490826414453,0.3328292682926829,0.6764227642276422,0.2422313454021357,3348,585,6,0.18194,OPT,"RULELIST:
 if [priors_count_high]: (recidivism:yes) = True
else if [age_very_high]: (recidivism:yes) = False
else if [age_high]: (recidivism:yes) = False
else if [priors_count_middle]: (recidivism:yes) = True
else if [sex_Female]: (recidivism:yes) = False
else if [age_very_low]: (recidivism:yes) = True
else (recidivism:yes) = False"
