Seed,Training accuracy,Training Unfairness(5),Training objective function,Test accuracy,Test unfairness,#Nodes explored for best solution,Cache size for best solution,Average length,CPU running time (s),Solving Status,Model
2,0.6715447154471544,0.23960937817447953,0.33445528455284557,0.6910569105691057,0.16078753076292046,3228,369,6,0.572187,OPT,"RULELIST:
 if [priors_count_high]: (recidivism:yes) = True
else if [age_high]: (recidivism:yes) = False
else if [age_very_high]: (recidivism:yes) = False
else if [priors_count_middle]: (recidivism:yes) = True
else if [sex_Female]: (recidivism:yes) = False
else if [age_very_low]: (recidivism:yes) = True
else (recidivism:yes) = False"
