Seed,Training accuracy,Training Unfairness(5),Training objective function,Test accuracy,Test unfairness,#Nodes explored for best solution,Cache size for best solution,Average length,CPU running time (s),Solving Status,Model
18,0.6706413730803975,0.23116607908424192,0.3353586269196025,0.6991869918699187,0.2263118994826312,3179,416,6,0.3283499999999999,OPT,"RULELIST:
 if [priors_count_high]: (recidivism:yes) = True
else if [age_high]: (recidivism:yes) = False
else if [age_very_high]: (recidivism:yes) = False
else if [priors_count_middle]: (recidivism:yes) = True
else if [sex_Female]: (recidivism:yes) = False
else if [age_very_low]: (recidivism:yes) = True
else (recidivism:yes) = False"
