Seed,Training accuracy,Training Unfairness(5),Training objective function,Test accuracy,Test unfairness,#Nodes explored for best solution,Cache size for best solution,Average length,CPU running time (s),Solving Status,Model
12,0.6722673893405601,0.23763133542540893,0.33373261065943993,0.6845528455284553,0.16233766233766234,2881,503,6,0.5626089999999997,OPT,"RULELIST:
 if [priors_count_high]: (recidivism:yes) = True
else if [age_high]: (recidivism:yes) = False
else if [age_very_high]: (recidivism:yes) = False
else if [priors_count_middle]: (recidivism:yes) = True
else if [sex_Female]: (recidivism:yes) = False
else if [age_very_low]: (recidivism:yes) = True
else (recidivism:yes) = False"
