error,unfairness,dataset,strategy,metric
0.17985743422520814,0.18788302695536585,Adult with sen. attr.,BFS original,SP
0.1803855088157441,0.09058208388899597,Adult with sen. attr.,BFS original,SP
0.1808310486046748,0.06613113384319992,Adult with sen. attr.,BFS original,SP
0.1865738209717668,0.04964799051593507,Adult with sen. attr.,BFS original,SP
0.18681310238784102,0.04876215744315302,Adult with sen. attr.,BFS original,SP
0.18738242667865931,0.04591547458433988,Adult with sen. attr.,BFS original,SP
0.1883973200323457,0.04532849389413923,Adult with sen. attr.,BFS original,SP
0.18899139237328166,0.04447874026688568,Adult with sen. attr.,BFS original,SP
0.18925542864736575,0.04200052276277751,Adult with sen. attr.,BFS original,SP
0.189502975525491,0.04063460674213471,Adult with sen. attr.,BFS original,SP
0.1901548002380584,0.03971043094263599,Adult with sen. attr.,BFS original,SP
0.19042708869880354,0.03887577988647991,Adult with sen. attr.,BFS original,SP
0.19132644190818693,0.03764347455333862,Adult with sen. attr.,BFS original,SP
0.19286940951201426,0.02806409831930274,Adult with sen. attr.,BFS original,SP
0.19350474925375286,0.02606019835835483,Adult with sen. attr.,BFS original,SP
0.19319121790061755,0.02622915498038171,Adult with sen. attr.,BFS original,SP
0.1943216180399343,0.022889326346384537,Adult with sen. attr.,BFS original,SP
0.19578205152294592,0.019451071058326688,Adult with sen. attr.,BFS original,SP
0.19777883356840972,0.0180950671807901,Adult with sen. attr.,BFS original,SP
0.203422555867947,0.013793236878354551,Adult with sen. attr.,BFS original,SP
0.20525431460386856,0.0127069709793298,Adult with sen. attr.,BFS original,SP
0.20566686641022705,0.009918821013882622,Adult with sen. attr.,BFS original,SP
0.20579063389238395,0.009081151258837563,Adult with sen. attr.,BFS original,SP
0.20591440137454065,0.008249707570251019,Adult with sen. attr.,BFS original,SP
0.21414896818903395,0.006714025805171091,Adult with sen. attr.,BFS original,SP
0.217375167082697,0.005121711277459788,Adult with sen. attr.,BFS original,SP
0.2173916694136512,0.00393612491884505,Adult with sen. attr.,BFS original,SP
0.2181590220163152,0.001968826942928298,Adult with sen. attr.,BFS original,SP
0.2188768734128249,0.0015486243168498686,Adult with sen. attr.,BFS original,SP
0.2194544549962236,0.0013838095078032046,Adult with sen. attr.,BFS original,SP
0.2222928559203543,0.0007236030494912497,Adult with sen. attr.,BFS original,SP
0.24789598241766495,0.0,Adult with sen. attr.,BFS original,SP
0.17133404121797555,0.07487683742971937,Adult with sen. attr.,Curious,SP
0.1861117557050479,0.049713785056252825,Adult with sen. attr.,Curious,SP
0.18734117697837704,0.04869207342366433,Adult with sen. attr.,Curious,SP
0.1882735573157135,0.04750625084062599,Adult with sen. attr.,Curious,SP
0.18940394486042944,0.046579776087205614,Adult with sen. attr.,Curious,SP
0.1904353391834913,0.04569949217015222,Adult with sen. attr.,Curious,SP
0.1906828755093836,0.04476534221848767,Adult with sen. attr.,Curious,SP
0.19287768144156286,0.042740010054604906,Adult with sen. attr.,Curious,SP
0.1946763854775675,0.04158006186468406,Adult with sen. attr.,Curious,SP
0.19513019957880928,0.04115844799149095,Adult with sen. attr.,Curious,SP
0.1958397977674743,0.04048603903626703,Adult with sen. attr.,Curious,SP
0.19658238223673846,0.03861420303710698,Adult with sen. attr.,Curious,SP
0.19696193584868613,0.03796230553245339,Adult with sen. attr.,Curious,SP
0.19716821498561432,0.03744538497079596,Adult with sen. attr.,Curious,SP
0.19905773187987566,0.03603700062101752,Adult with sen. attr.,Curious,SP
0.1996683181251827,0.035583270937779014,Adult with sen. attr.,Curious,SP
0.20036140309026573,0.034538254454429214,Adult with sen. attr.,Curious,SP
0.20168157901437234,0.033470716370738875,Adult with sen. attr.,Curious,SP
0.20344732604371465,0.03261083366505986,Adult with sen. attr.,Curious,SP
0.20460246572328344,0.03148590560811125,Adult with sen. attr.,Curious,SP
0.2056998707317409,0.030501069063083093,Adult with sen. attr.,Curious,SP
0.2059721625964321,0.029698489485100968,Adult with sen. attr.,Curious,SP
0.2061536882369288,0.028689525594200238,Adult with sen. attr.,Curious,SP
0.20989971498078064,0.0275404038809086,Adult with sen. attr.,Curious,SP
0.21502355905172602,0.02662719102501086,Adult with sen. attr.,Curious,SP
0.2168635662299676,0.025713710827031326,Adult with sen. attr.,Curious,SP
0.21739165681905048,0.024813277161652453,Adult with sen. attr.,Curious,SP
0.21932238665097592,0.02372851120585575,Adult with sen. attr.,Curious,SP
0.2202135142244782,0.022283514026527357,Adult with sen. attr.,Curious,SP
0.22109637259158896,0.02133639973597655,Adult with sen. attr.,Curious,SP
0.22232579624768034,0.020498543716765887,Adult with sen. attr.,Curious,SP
0.2239017831503848,0.019407750054617624,Adult with sen. attr.,Curious,SP
0.22490839129913245,0.018602862169737656,Adult with sen. attr.,Curious,SP
0.2257665063816502,0.015938698968109778,Adult with sen. attr.,Curious,SP
0.2259315433069773,0.01220528638064063,Adult with sen. attr.,Curious,SP
0.22612132011295105,0.011623089546048095,Adult with sen. attr.,Curious,SP
0.2266411200507814,0.01021076590979161,Adult with sen. attr.,Curious,SP
0.2267978908332683,0.009615931829716751,Adult with sen. attr.,Curious,SP
0.22900090367962497,0.007282780627772378,Adult with sen. attr.,Curious,SP
0.2307418995952981,0.00656271589314211,Adult with sen. attr.,Curious,SP
0.23111320204176866,0.004761412393842579,Adult with sen. attr.,Curious,SP
0.23143499749537644,0.004232786888034759,Adult with sen. attr.,Curious,SP
0.23262316532408225,0.0034716292447159514,Adult with sen. attr.,Curious,SP
0.23407537044805596,0.0031239187431678665,Adult with sen. attr.,Curious,SP
0.23622067347210815,0.0021719050432714355,Adult with sen. attr.,Curious,SP
0.23778838606250166,0.0013172420195695425,Adult with sen. attr.,Curious,SP
0.2406185266305003,0.00034997426292319447,Adult with sen. attr.,Curious,SP
0.24789598241766495,0.0,Adult with sen. attr.,Curious,SP
0.1774233611735282,0.0642816820989549,Adult with sen. attr.,Lower bound,SP
0.18569094388295213,0.04865149172026227,Adult with sen. attr.,Lower bound,SP
0.18663158355523668,0.04678176808057392,Adult with sen. attr.,Lower bound,SP
0.1878774966072868,0.045474965671934944,Adult with sen. attr.,Lower bound,SP
0.18915641568282412,0.04455639966067445,Adult with sen. attr.,Lower bound,SP
0.1900805448546835,0.043704800753869774,Adult with sen. attr.,Lower bound,SP
0.19137595570894209,0.04274080190136872,Adult with sen. attr.,Lower bound,SP
0.19238259585478332,0.041399286905451964,Adult with sen. attr.,Lower bound,SP
0.19307569375486167,0.04046431907642471,Adult with sen. attr.,Lower bound,SP
0.19395030436044147,0.039693465641070014,Adult with sen. attr.,Lower bound,SP
0.194849674249161,0.038596174007322036,Adult with sen. attr.,Lower bound,SP
0.19598832929829546,0.037742382234483215,Adult with sen. attr.,Lower bound,SP
0.197159963820137,0.036555169485323634,Adult with sen. attr.,Lower bound,SP
0.19772104307258154,0.035473024127637615,Adult with sen. attr.,Lower bound,SP
0.19862040717459276,0.03490329728848205,Adult with sen. attr.,Lower bound,SP
0.19980856445106546,0.0335033825484836,Adult with sen. attr.,Lower bound,SP
0.2003943948171788,0.03284970943461003,Adult with sen. attr.,Lower bound,SP
0.20183010033335536,0.031518005274977084,Adult with sen. attr.,Lower bound,SP
0.20322452108860367,0.030691187267201055,Adult with sen. attr.,Lower bound,SP
0.2047509809151632,0.029741066091282926,Adult with sen. attr.,Lower bound,SP
0.20649198295793936,0.028803842635360462,Adult with sen. attr.,Lower bound,SP
0.20786165498228115,0.027646492256771647,Adult with sen. attr.,Lower bound,SP
0.20941286626290426,0.026568694690851814,Adult with sen. attr.,Lower bound,SP
0.21036999601193676,0.025446727252783213,Adult with sen. attr.,Lower bound,SP
0.2120119711339921,0.024583159928797112,Adult with sen. attr.,Lower bound,SP
0.21645926967382167,0.02309839485371443,Adult with sen. attr.,Lower bound,SP
0.21713586796610265,0.0222337872161893,Adult with sen. attr.,Lower bound,SP
0.21801872258887267,0.02183206536419466,Adult with sen. attr.,Lower bound,SP
0.2200072391722856,0.02054109205965383,Adult with sen. attr.,Lower bound,SP
0.22105513140117186,0.019581952787479918,Adult with sen. attr.,Lower bound,SP
0.2216657166252951,0.01844025674917184,Adult with sen. attr.,Lower bound,SP
0.22288688911590948,0.017712680508580936,Adult with sen. attr.,Lower bound,SP
0.22473512669555676,0.016617218668904598,Adult with sen. attr.,Lower bound,SP
0.2259232945242624,0.015584405175153353,Adult with sen. attr.,Lower bound,SP
0.22677314788907,0.014433516592850103,Adult with sen. attr.,Lower bound,SP
0.2274332319365853,0.013269422191179246,Adult with sen. attr.,Lower bound,SP
0.2283408563947281,0.011216945511129582,Adult with sen. attr.,Lower bound,SP
0.228819427736742,0.010160187413954469,Adult with sen. attr.,Lower bound,SP
0.2291577153094657,0.008122449617127478,Adult with sen. attr.,Lower bound,SP
0.23023036682149176,0.007602627052535464,Adult with sen. attr.,Lower bound,SP
0.2307666912159262,0.006665919122606211,Adult with sen. attr.,Lower bound,SP
0.23197130929521026,0.005559716991197764,Adult with sen. attr.,Lower bound,SP
0.23302747243246125,0.003887382512752022,Adult with sen. attr.,Lower bound,SP
0.2338195843182652,0.0034536242764726557,Adult with sen. attr.,Lower bound,SP
0.2347272125207488,0.001727845498115577,Adult with sen. attr.,Lower bound,SP
0.2353790457431816,0.001302294607152735,Adult with sen. attr.,Lower bound,SP
0.23590711114306284,0.0006648319838378684,Adult with sen. attr.,Lower bound,SP
0.24789598241766495,0.0,Adult with sen. attr.,Lower bound,SP
0.1764497321570928,0.12664516266506015,Adult with sen. attr.,BFS objective-aware,SP
0.17666425429002752,0.08213083899384846,Adult with sen. attr.,BFS objective-aware,SP
0.18529490530017567,0.04803293302039305,Adult with sen. attr.,BFS objective-aware,SP
0.1856909602218936,0.04750207601000371,Adult with sen. attr.,BFS objective-aware,SP
0.1862437787778116,0.046549181749144505,Adult with sen. attr.,BFS objective-aware,SP
0.1871761475417312,0.04566541443339854,Adult with sen. attr.,BFS objective-aware,SP
0.18796825976792986,0.043388048638362806,Adult with sen. attr.,BFS objective-aware,SP
0.18800126442983844,0.042096661024040936,Adult with sen. attr.,BFS objective-aware,SP
0.18824879939415207,0.04123317786720605,Adult with sen. attr.,BFS objective-aware,SP
0.18849633333728197,0.040374073719418216,Adult with sen. attr.,BFS objective-aware,SP
0.18905740135670399,0.03905172693201685,Adult with sen. attr.,BFS objective-aware,SP
0.1894782107960372,0.038287047952820494,Adult with sen. attr.,BFS objective-aware,SP
0.1899732776611132,0.0365511581244093,Adult with sen. attr.,BFS objective-aware,SP
0.1903363289421065,0.034546409467768546,Adult with sen. attr.,BFS objective-aware,SP
0.1905591019001236,0.03331145614763451,Adult with sen. attr.,BFS objective-aware,SP
0.1908231391953915,0.03200394263730181,Adult with sen. attr.,BFS objective-aware,SP
0.19093040434659406,0.03111492938024853,Adult with sen. attr.,BFS objective-aware,SP
0.19119444164186208,0.02987846571222044,Adult with sen. attr.,BFS objective-aware,SP
0.19159048907489876,0.029225193601802767,Adult with sen. attr.,BFS objective-aware,SP
0.19202780084518636,0.028422291112749017,Adult with sen. attr.,BFS objective-aware,SP
0.19300967932512536,0.026818570993882872,Adult with sen. attr.,BFS objective-aware,SP
0.19316645487313688,0.02340424533652857,Adult with sen. attr.,BFS objective-aware,SP
0.1933067206015128,0.023220918008915837,Adult with sen. attr.,BFS objective-aware,SP
0.19406581931554245,0.022462177535541958,Adult with sen. attr.,BFS objective-aware,SP
0.1947836707120525,0.021006267548824918,Adult with sen. attr.,BFS objective-aware,SP
0.19553451655863208,0.019818245649844957,Adult with sen. attr.,BFS objective-aware,SP
0.19777883356840972,0.0180950671807901,Adult with sen. attr.,BFS objective-aware,SP
0.203422555867947,0.013793236878354551,Adult with sen. attr.,BFS objective-aware,SP
0.20525431460386856,0.0127069709793298,Adult with sen. attr.,BFS objective-aware,SP
0.20566686641022705,0.009918821013882622,Adult with sen. attr.,BFS objective-aware,SP
0.20579063389238395,0.009081151258837563,Adult with sen. attr.,BFS objective-aware,SP
0.20591440137454065,0.008249707570251019,Adult with sen. attr.,BFS objective-aware,SP
0.2144295010073638,0.006663795152053805,Adult with sen. attr.,BFS objective-aware,SP
0.21697911113979507,0.005862011734894024,Adult with sen. attr.,BFS objective-aware,SP
0.21744117640651395,0.00492671924883495,Adult with sen. attr.,BFS objective-aware,SP
0.21810126385797546,0.0032066989393094067,Adult with sen. attr.,BFS objective-aware,SP
0.2181590220163152,0.0031374672128699948,Adult with sen. attr.,BFS objective-aware,SP
0.21879436175805367,0.001257330648410064,Adult with sen. attr.,BFS objective-aware,SP
0.21881086408900807,0.0009608480908070509,Adult with sen. attr.,BFS objective-aware,SP
0.2196442318021975,0.0004763849089000502,Adult with sen. attr.,BFS objective-aware,SP
0.24789598241766495,0.0,Adult with sen. attr.,BFS objective-aware,SP
0.3278969654651096,0.2254723470037209,COMPAS with sen. attr.,BFS original,SP
0.3345819129092791,0.1931228329235348,COMPAS with sen. attr.,BFS original,SP
0.35520566661395736,0.05233763803021463,COMPAS with sen. attr.,BFS original,SP
0.35970982272051377,0.0444033915440706,COMPAS with sen. attr.,BFS original,SP
0.3598047218261537,0.043616539729360713,COMPAS with sen. attr.,BFS original,SP
0.3605159593794964,0.04180765258818886,COMPAS with sen. attr.,BFS original,SP
0.3613691072842031,0.03694666650784094,COMPAS with sen. attr.,BFS original,SP
0.3617484115020323,0.035253697070712686,COMPAS with sen. attr.,BFS original,SP
0.3629812232611599,0.03274712045205154,COMPAS with sen. attr.,BFS original,SP
0.3636922922348503,0.032210802381655336,COMPAS with sen. attr.,BFS original,SP
0.3675324917612314,0.029018135342066025,COMPAS with sen. attr.,BFS original,SP
0.3673902442505629,0.029430710549826714,COMPAS with sen. attr.,BFS original,SP
0.36843328027569744,0.02614673454939822,COMPAS with sen. attr.,BFS original,SP
0.36971349663307096,0.02534900814708385,COMPAS with sen. attr.,BFS original,SP
0.3707566450446405,0.023036984748199364,COMPAS with sen. attr.,BFS original,SP
0.3726532560429343,0.02275186646134509,COMPAS with sen. attr.,BFS original,SP
0.3747385189108721,0.01706781380236211,COMPAS with sen. attr.,BFS original,SP
0.3793369559976764,0.011155886033165498,COMPAS with sen. attr.,BFS original,SP
0.3757340941445431,0.012819374376036495,COMPAS with sen. attr.,BFS original,SP
0.38147056750991337,0.00970480181670998,COMPAS with sen. attr.,BFS original,SP
0.3823711986833704,0.007691140414409475,COMPAS with sen. attr.,BFS original,SP
0.3833195940916653,0.00495179756675766,COMPAS with sen. attr.,BFS original,SP
0.3840782474818976,0.004744075894804983,COMPAS with sen. attr.,BFS original,SP
0.3901936429512183,0.0039074021203113814,COMPAS with sen. attr.,BFS original,SP
0.3917594220010606,0.0015645978065292913,COMPAS with sen. attr.,BFS original,SP
0.3931799640610658,0.0012094139526598047,COMPAS with sen. attr.,BFS original,SP
0.3939398199861517,0.0009758675691445117,COMPAS with sen. attr.,BFS original,SP
0.4024733894209075,0.0004658512554748001,COMPAS with sen. attr.,BFS original,SP
0.4708898004927246,0.0,COMPAS with sen. attr.,BFS original,SP
0.3371894467788981,0.19229302084958516,COMPAS with sen. attr.,Curious,SP
0.33733169428956666,0.1906216753316708,COMPAS with sen. attr.,Curious,SP
0.39066956578714174,0.09421197136045016,COMPAS with sen. attr.,Curious,SP
0.4060784652868085,0.04795278163395378,COMPAS with sen. attr.,Curious,SP
0.4063155107553256,0.04639897004087884,COMPAS with sen. attr.,Curious,SP
0.40641034242910457,0.04628423674168,COMPAS with sen. attr.,Curious,SP
0.4065051741028837,0.046012886371220384,COMPAS with sen. attr.,Curious,SP
0.4077851656873874,0.04471410403397512,COMPAS with sen. attr.,Curious,SP
0.4097764959730255,0.04067290836168658,COMPAS with sen. attr.,Curious,SP
0.41034530619740384,0.03929295937668202,COMPAS with sen. attr.,Curious,SP
0.4105349695449618,0.03793122644150528,COMPAS with sen. attr.,Curious,SP
0.41072463289252,0.037698148809609686,COMPAS with sen. attr.,Curious,SP
0.4118152083796225,0.03658483074578511,COMPAS with sen. attr.,Curious,SP
0.41205223137085256,0.035332502482857214,COMPAS with sen. attr.,Curious,SP
0.41224183852519336,0.03484356082213006,COMPAS with sen. attr.,Curious,SP
0.4125737606220634,0.03272033436997875,COMPAS with sen. attr.,Curious,SP
0.4126685922958424,0.032626708907045686,COMPAS with sen. attr.,Curious,SP
0.4130478627977412,0.032008411116672415,COMPAS with sen. attr.,Curious,SP
0.4137590441578666,0.030620424571104875,COMPAS with sen. attr.,Curious,SP
0.4150392267993096,0.029657622706960637,COMPAS with sen. attr.,Curious,SP
0.4150866426361992,0.02803733251359879,COMPAS with sen. attr.,Curious,SP
0.4152287889990763,0.02704192100236076,COMPAS with sen. attr.,Curious,SP
0.4168406240099458,0.026314678611519204,COMPAS with sen. attr.,Curious,SP
0.4172199507050619,0.02453609597571411,COMPAS with sen. attr.,Curious,SP
0.4179784242769984,0.024157662398316043,COMPAS with sen. attr.,Curious,SP
0.4192109438313951,0.02335847246936142,COMPAS with sen. attr.,Curious,SP
0.4192584271001457,0.022943407633204828,COMPAS with sen. attr.,Curious,SP
0.4207281607027119,0.02153936952464293,COMPAS with sen. attr.,Curious,SP
0.4218661407880604,0.020600278936859437,COMPAS with sen. attr.,Curious,SP
0.4222928608427792,0.020165123089432174,COMPAS with sen. attr.,Curious,SP
0.4230988738766836,0.019292585014257447,COMPAS with sen. attr.,Curious,SP
0.4236677740102099,0.018223909817375903,COMPAS with sen. attr.,Curious,SP
0.4255642950993558,0.016587716377433292,COMPAS with sen. attr.,Curious,SP
0.4257065088940939,0.016388753266951724,COMPAS with sen. attr.,Curious,SP
0.4276975919295751,0.01271227955331527,COMPAS with sen. attr.,Curious,SP
0.4280295027878017,0.012479791585804223,COMPAS with sen. attr.,Curious,SP
0.4282191661353598,0.01217536661193262,COMPAS with sen. attr.,Curious,SP
0.4289778195255921,0.011294172675787523,COMPAS with sen. attr.,Curious,SP
0.4304949914423348,0.01041720238023377,COMPAS with sen. attr.,Curious,SP
0.43272315366226377,0.008766089765295183,COMPAS with sen. attr.,Curious,SP
0.4336240320858776,0.006926643046590475,COMPAS with sen. attr.,Curious,SP
0.4343825393737446,0.0060143360150753,COMPAS with sen. attr.,Curious,SP
0.4351885411690055,0.004848100313997725,COMPAS with sen. attr.,Curious,SP
0.4378435695460183,0.0037312973613644828,COMPAS with sen. attr.,Curious,SP
0.4380806487304661,0.0032250213840137212,COMPAS with sen. attr.,Curious,SP
0.4391710668765596,0.002379266585402273,COMPAS with sen. attr.,Curious,SP
0.4400719003455996,0.0009436316424118145,COMPAS with sen. attr.,Curious,SP
0.4401667320193785,0.000550074484661664,COMPAS with sen. attr.,Curious,SP
0.4708898004927246,0.0,COMPAS with sen. attr.,Curious,SP
0.3293664855334495,0.2397385032422874,COMPAS with sen. attr.,Lower bound,SP
0.3346767108671276,0.1948543647831098,COMPAS with sen. attr.,Lower bound,SP
0.382182692916092,0.0976627745983279,COMPAS with sen. attr.,Lower bound,SP
0.4017163094407641,0.04749646650265893,COMPAS with sen. attr.,Lower bound,SP
0.4022852994834383,0.04704666302696469,COMPAS with sen. attr.,Lower bound,SP
0.4024275132781764,0.0460656851344964,COMPAS with sen. attr.,Lower bound,SP
0.4058413523864304,0.044442267395072566,COMPAS with sen. attr.,Lower bound,SP
0.4060310157339885,0.043857682882091416,COMPAS with sen. attr.,Lower bound,SP
0.40811731255712735,0.041611258622470636,COMPAS with sen. attr.,Lower bound,SP
0.4101557102817066,0.04035048760792418,COMPAS with sen. attr.,Lower bound,SP
0.4111513417085952,0.03892418598823242,COMPAS with sen. attr.,Lower bound,SP
0.4116255000774904,0.03845433477445012,COMPAS with sen. attr.,Lower bound,SP
0.4121469506581967,0.03752413198401732,COMPAS with sen. attr.,Lower bound,SP
0.4124788615164233,0.03604313753214311,COMPAS with sen. attr.,Lower bound,SP
0.413284739686606,0.035752639270251366,COMPAS with sen. attr.,Lower bound,SP
0.4142330451857529,0.03321377169656483,COMPAS with sen. attr.,Lower bound,SP
0.41432785438224495,0.033043715091876,COMPAS with sen. attr.,Lower bound,SP
0.414517472775229,0.03264110164928853,COMPAS with sen. attr.,Lower bound,SP
0.41560798083047057,0.03166328020310857,COMPAS with sen. attr.,Lower bound,SP
0.4163664544024071,0.030205374079672963,COMPAS with sen. attr.,Lower bound,SP
0.41812084036731934,0.027554915758163056,COMPAS with sen. attr.,Lower bound,SP
0.4187371563377351,0.026257659069397254,COMPAS with sen. attr.,Lower bound,SP
0.4194958097279675,0.025809643889588813,COMPAS with sen. attr.,Lower bound,SP
0.4197802373174436,0.025445929845879692,COMPAS with sen. attr.,Lower bound,SP
0.4206335088472287,0.023558832514840044,COMPAS with sen. attr.,Lower bound,SP
0.4214868815248052,0.02303143946621771,COMPAS with sen. attr.,Lower bound,SP
0.4228618171695229,0.02179584030278513,COMPAS with sen. attr.,Lower bound,SP
0.4237627405477109,0.02012292186684709,COMPAS with sen. attr.,Lower bound,SP
0.4248058889592803,0.01987163699983516,COMPAS with sen. attr.,Lower bound,SP
0.4265127242235811,0.018613364704518846,COMPAS with sen. attr.,Lower bound,SP
0.4268919834868363,0.018012689115390976,COMPAS with sen. attr.,Lower bound,SP
0.4276030524605268,0.01582212201686057,COMPAS with sen. attr.,Lower bound,SP
0.42845653752453816,0.01468489732906994,COMPAS with sen. attr.,Lower bound,SP
0.4286935942316989,0.012164370603391657,COMPAS with sen. attr.,Lower bound,SP
0.4296419109694891,0.010863975730859655,COMPAS with sen. attr.,Lower bound,SP
0.4323439955467998,0.009942287361497531,COMPAS with sen. attr.,Lower bound,SP
0.4328181539156951,0.009267992843599018,COMPAS with sen. attr.,Lower bound,SP
0.4338137741039401,0.006854535924158694,COMPAS with sen. attr.,Lower bound,SP
0.4346196522741226,0.00670335013954935,COMPAS with sen. attr.,Lower bound,SP
0.4354730923835601,0.00391010495571274,COMPAS with sen. attr.,Lower bound,SP
0.4358523291695283,0.003219803872499738,COMPAS with sen. attr.,Lower bound,SP
0.4368480617442083,0.0019013457361683832,COMPAS with sen. attr.,Lower bound,SP
0.437369635949993,0.0016654039351459732,COMPAS with sen. attr.,Lower bound,SP
0.4379860305909132,0.0006214590341072051,COMPAS with sen. attr.,Lower bound,SP
0.43841267197512745,0.00046040432867920086,COMPAS with sen. attr.,Lower bound,SP
0.4708898004927246,0.0,COMPAS with sen. attr.,Lower bound,SP
0.32704368269668105,0.22425042251765231,COMPAS with sen. attr.,BFS objective-aware,SP
0.33439226080036444,0.1920336263159685,COMPAS with sen. attr.,BFS objective-aware,SP
0.35444711437151644,0.05290395639167128,COMPAS with sen. attr.,BFS objective-aware,SP
0.3574340536067561,0.04643642102864999,COMPAS with sen. attr.,BFS objective-aware,SP
0.3579081782597208,0.0451285304072019,COMPAS with sen. attr.,BFS objective-aware,SP
0.3583822691967551,0.04379463084143318,COMPAS with sen. attr.,BFS objective-aware,SP
0.3589512592394293,0.043422338302044367,COMPAS with sen. attr.,BFS objective-aware,SP
0.35923573178347945,0.041104828147321214,COMPAS with sen. attr.,BFS objective-aware,SP
0.35975718236418586,0.04090352142602747,COMPAS with sen. attr.,BFS objective-aware,SP
0.3598519915606778,0.04073658983299914,COMPAS with sen. attr.,BFS objective-aware,SP
0.3603260375431382,0.039457294014731165,COMPAS with sen. attr.,BFS objective-aware,SP
0.3604682513378762,0.03909985229886132,COMPAS with sen. attr.,BFS objective-aware,SP
0.3608475780329924,0.037655701496291806,COMPAS with sen. attr.,BFS objective-aware,SP
0.3611320280997557,0.03638387991715649,COMPAS with sen. attr.,BFS objective-aware,SP
0.36146393895798223,0.035606423194190995,COMPAS with sen. attr.,BFS objective-aware,SP
0.3616536023055402,0.03542062866374103,COMPAS with sen. attr.,BFS objective-aware,SP
0.3623174015447066,0.03297926706649608,COMPAS with sen. attr.,BFS objective-aware,SP
0.3625544245359367,0.03250783238796593,COMPAS with sen. attr.,BFS objective-aware,SP
0.3642613721866725,0.027348277108096675,COMPAS with sen. attr.,BFS objective-aware,SP
0.3741689332200927,0.02596318293652,COMPAS with sen. attr.,BFS objective-aware,SP
0.3742637648938718,0.025387531895617557,COMPAS with sen. attr.,BFS objective-aware,SP
0.374548192483348,0.023904570720359782,COMPAS with sen. attr.,BFS objective-aware,SP
0.3749749350153537,0.02373802632867291,COMPAS with sen. attr.,BFS objective-aware,SP
0.3752594300366908,0.02209568357918793,COMPAS with sen. attr.,BFS objective-aware,SP
0.3763971403945956,0.02073915988271637,COMPAS with sen. attr.,BFS objective-aware,SP
0.3766342083403996,0.01918067883603753,COMPAS with sen. attr.,BFS objective-aware,SP
0.3770609508724053,0.01834846240329251,COMPAS with sen. attr.,BFS objective-aware,SP
0.3771557600688974,0.01818153081026418,COMPAS with sen. attr.,BFS objective-aware,SP
0.37734538970052506,0.015871989496975037,COMPAS with sen. attr.,BFS objective-aware,SP
0.3776298622445752,0.014446701631827152,COMPAS with sen. attr.,BFS objective-aware,SP
0.3782461220217737,0.012616085352837595,COMPAS with sen. attr.,BFS objective-aware,SP
0.3783883358165117,0.01210016503157949,COMPAS with sen. attr.,BFS objective-aware,SP
0.37881497720072604,0.009775952399104934,COMPAS with sen. attr.,BFS objective-aware,SP
0.37890980887450504,0.0092531711030684,COMPAS with sen. attr.,BFS objective-aware,SP
0.3789572247113945,0.009132616552134107,COMPAS with sen. attr.,BFS objective-aware,SP
0.3790994497447761,0.008845130408171463,COMPAS with sen. attr.,BFS objective-aware,SP
0.3800950137398036,0.0061249892752784545,COMPAS with sen. attr.,BFS objective-aware,SP
0.3807114196193674,0.005106978312083453,COMPAS with sen. attr.,BFS objective-aware,SP
0.3812804096620416,0.003905905422500697,COMPAS with sen. attr.,BFS objective-aware,SP
0.3814226459340667,0.002948235811077968,COMPAS with sen. attr.,BFS objective-aware,SP
0.3828451210407524,0.0017669048190340289,COMPAS with sen. attr.,BFS objective-aware,SP
0.3837932916761774,0.0013925171904921765,COMPAS with sen. attr.,BFS objective-aware,SP
0.3971614445747753,0.0006303869835632553,COMPAS with sen. attr.,BFS objective-aware,SP
0.4708898004927246,0.0,COMPAS with sen. attr.,BFS objective-aware,SP
0.17985743422520814,0.3552252887800881,Adult with sen. attr.,BFS original,PP
0.18015447618238467,0.2580723629723139,Adult with sen. attr.,BFS original,PP
0.1802534901681101,0.24855485956617585,Adult with sen. attr.,BFS original,PP
0.1812188622323596,0.12652291155563786,Adult with sen. attr.,BFS original,PP
0.1838839645134529,0.059985522024019064,Adult with sen. attr.,BFS original,PP
0.18437078327660306,0.0386429906292692,Adult with sen. attr.,BFS original,PP
0.18484933555651872,0.009488435297577213,Adult with sen. attr.,BFS original,PP
0.1865243221483748,0.005401666195359534,Adult with sen. attr.,BFS original,PP
0.18711015489725055,0.0047646388473266965,Adult with sen. attr.,BFS original,PP
0.18822406223666224,0.003670898025752556,Adult with sen. attr.,BFS original,PP
0.18901617412246607,0.0028263789016539143,Adult with sen. attr.,BFS original,PP
0.19187100453310324,0.002230842625191487,Adult with sen. attr.,BFS original,PP
0.1936780097725933,0.0014103549350524605,Adult with sen. attr.,BFS original,PP
0.19611209303611174,0.0003628684926968662,Adult with sen. attr.,BFS original,PP
0.24789598241766495,0.0,Adult with sen. attr.,BFS original,PP
0.17133404121797555,0.19371453141687453,Adult with sen. attr.,Curious,PP
0.1715898273477665,0.18844558479830925,Adult with sen. attr.,Curious,PP
0.17918909731024255,0.046406474860511186,Adult with sen. attr.,Curious,PP
0.17984919088880713,0.03915198730646978,Adult with sen. attr.,Curious,PP
0.1805340383041976,0.03551554758367936,Adult with sen. attr.,Curious,PP
0.18131789902452436,0.03030099016408745,Adult with sen. attr.,Curious,PP
0.1813509023248544,0.03016394385620258,Adult with sen. attr.,Curious,PP
0.18205222143568367,0.027746103859384984,Adult with sen. attr.,Curious,PP
0.18208522609759226,0.02749067601775024,Adult with sen. attr.,Curious,PP
0.1827535708416338,0.021501881226250675,Adult with sen. attr.,Curious,PP
0.18286908715831365,0.020639658870567068,Adult with sen. attr.,Curious,PP
0.18351267295960996,0.018099873366331454,Adult with sen. attr.,Curious,PP
0.18403247596099195,0.017372124296530633,Adult with sen. attr.,Curious,PP
0.1847173226955932,0.015479702415927,Adult with sen. attr.,Curious,PP
0.1852123926242205,0.014834520176631494,Adult with sen. attr.,Curious,PP
0.1852949066617542,0.013424841322998236,Adult with sen. attr.,Curious,PP
0.1858394835832444,0.011438677678882023,Adult with sen. attr.,Curious,PP
0.18588899057610708,0.010354525865420095,Adult with sen. attr.,Curious,PP
0.1859797486308308,0.009856165534558505,Adult with sen. attr.,Curious,PP
0.18626854520923847,0.005699757855270815,Adult with sen. attr.,Curious,PP
0.18627680045945105,0.004442870520557518,Adult with sen. attr.,Curious,PP
0.1865655824008904,0.004281610612030607,Adult with sen. attr.,Curious,PP
0.19663200870811115,0.002967869549785984,Adult with sen. attr.,Curious,PP
0.19672277050717568,0.002011554441059205,Adult with sen. attr.,Curious,PP
0.19710229995110584,0.0006674505778294426,Adult with sen. attr.,Curious,PP
0.24789598241766495,0.0,Adult with sen. attr.,Curious,PP
0.1774233611735282,0.2058017588700292,Adult with sen. attr.,Lower bound,PP
0.1789003197939334,0.17570875905608835,Adult with sen. attr.,Lower bound,PP
0.1807733095084334,0.07757070863527556,Adult with sen. attr.,Lower bound,PP
0.1817882028621195,0.044093939108160486,Adult with sen. attr.,Lower bound,PP
0.18234100814264773,0.041881828107240685,Adult with sen. attr.,Lower bound,PP
0.18276181758198096,0.040010492004511185,Adult with sen. attr.,Lower bound,PP
0.1827783239976707,0.025609582532343,Adult with sen. attr.,Lower bound,PP
0.1830423612929385,0.02532647251299134,Adult with sen. attr.,Lower bound,PP
0.1833393920170927,0.02326506894984477,Adult with sen. attr.,Lower bound,PP
0.183553922319498,0.021491590432540675,Adult with sen. attr.,Lower bound,PP
0.1841479932988556,0.020769959067844825,Adult with sen. attr.,Lower bound,PP
0.18498134671547106,0.019778870800851327,Adult with sen. attr.,Lower bound,PP
0.18574868502156128,0.017981093965532182,Adult with sen. attr.,Lower bound,PP
0.1885210766218748,0.017013314805692327,Adult with sen. attr.,Lower bound,PP
0.19088083880585735,0.011538828460215209,Adult with sen. attr.,Lower bound,PP
0.1914254157273476,0.011352894274831594,Adult with sen. attr.,Lower bound,PP
0.1917389600154784,0.008796972921074508,Adult with sen. attr.,Lower bound,PP
0.19491565872417094,0.006752351859952754,Adult with sen. attr.,Lower bound,PP
0.19857092503053675,0.00554394884966669,Adult with sen. attr.,Lower bound,PP
0.19861218085792245,0.0046579298391439495,Adult with sen. attr.,Lower bound,PP
0.19888446931866746,0.003646729823096173,Adult with sen. attr.,Lower bound,PP
0.1989092228150987,0.0023208369259266172,Adult with sen. attr.,Lower bound,PP
0.1989339763115302,0.001401664983137163,Adult with sen. attr.,Lower bound,PP
0.199528047971677,0.000583468990166125,Adult with sen. attr.,Lower bound,PP
0.19956930379906268,0.0005001846580536816,Adult with sen. attr.,Lower bound,PP
0.24789598241766495,0.0,Adult with sen. attr.,Lower bound,PP
0.1764497321570928,0.23812037252388324,Adult with sen. attr.,BFS objective-aware,PP
0.17842999927700176,0.1397017709334254,Adult with sen. attr.,BFS objective-aware,PP
0.17924684321437626,0.08600202784980901,Adult with sen. attr.,BFS objective-aware,PP
0.1801049576161049,0.014676023031882713,Adult with sen. attr.,BFS objective-aware,PP
0.1808970695019088,0.010553071632812541,Adult with sen. attr.,BFS objective-aware,PP
0.18130135993095176,0.006347934666389898,Adult with sen. attr.,BFS objective-aware,PP
0.18214297880961827,0.005215151782942606,Adult with sen. attr.,BFS objective-aware,PP
0.18221723929891245,0.0047442763033472175,Adult with sen. attr.,BFS objective-aware,PP
0.1826132952418144,0.003480656425564188,Adult with sen. attr.,BFS objective-aware,PP
0.18346316528595816,0.0032930778325435785,Adult with sen. attr.,BFS objective-aware,PP
0.18484936108611494,0.0017409699019491633,Adult with sen. attr.,BFS objective-aware,PP
0.18509689298687704,0.0009561555921166144,Adult with sen. attr.,BFS objective-aware,PP
0.1867966330751644,0.0004991545772751181,Adult with sen. attr.,BFS objective-aware,PP
0.24789598241766495,0.0,Adult with sen. attr.,BFS objective-aware,PP
0.3273281102861573,0.07274119721735639,COMPAS with sen. attr.,BFS original,PP
0.3403186897180236,0.03875931173469245,COMPAS with sen. attr.,BFS original,PP
0.3421677612543496,0.030347287092334363,COMPAS with sen. attr.,BFS original,PP
0.3406505668603197,0.03119966941484265,COMPAS with sen. attr.,BFS original,PP
0.3422627053145634,0.0292536591918076,COMPAS with sen. attr.,BFS original,PP
0.3434006853999121,0.0266244354637295,COMPAS with sen. attr.,BFS original,PP
0.342404952825232,0.02712510846839346,COMPAS with sen. attr.,BFS original,PP
0.3440643160594259,0.023827154750045,COMPAS with sen. attr.,BFS original,PP
0.3467192882432214,0.022773670186183412,COMPAS with sen. attr.,BFS original,PP
0.3473830200505267,0.011840180363330722,COMPAS with sen. attr.,BFS original,PP
0.3475252338452648,0.01027115735268822,COMPAS with sen. attr.,BFS original,PP
0.34762004304175675,0.007863133953142244,COMPAS with sen. attr.,BFS original,PP
0.3488054614412819,0.007477470146124166,COMPAS with sen. attr.,BFS original,PP
0.34956409235422714,0.006189372027548812,COMPAS with sen. attr.,BFS original,PP
0.3497063398648957,0.006024918590845707,COMPAS with sen. attr.,BFS original,PP
0.3516028272381112,0.002978152521151833,COMPAS with sen. attr.,BFS original,PP
0.35089154473019435,0.003029867104894235,COMPAS with sen. attr.,BFS original,PP
0.35278775113732264,0.002772295413871806,COMPAS with sen. attr.,BFS original,PP
0.3550634865351497,0.001477372596714388,COMPAS with sen. attr.,BFS original,PP
0.3552533297010039,0.0005561078152829692,COMPAS with sen. attr.,BFS original,PP
0.4708898004927246,0.0,COMPAS with sen. attr.,BFS original,PP
0.3371894467788981,0.07149404909657517,COMPAS with sen. attr.,Curious,PP
0.3375212789666203,0.07106142618757635,COMPAS with sen. attr.,Curious,PP
0.34747749208771395,0.04494961706678766,COMPAS with sen. attr.,Curious,PP
0.3489946415271697,0.04367079813360597,COMPAS with sen. attr.,Curious,PP
0.34946879989606505,0.043299763642956665,COMPAS with sen. attr.,Curious,PP
0.34956363156984405,0.041370696754652464,COMPAS with sen. attr.,Curious,PP
0.3498481715457552,0.03959255408694192,COMPAS with sen. attr.,Curious,PP
0.3506540497159376,0.03957800794004438,COMPAS with sen. attr.,Curious,PP
0.35112819684618946,0.038773056820798665,COMPAS with sen. attr.,Curious,PP
0.357053884013378,0.03642055747547364,COMPAS with sen. attr.,Curious,PP
0.3570538952520215,0.034469401240036716,COMPAS with sen. attr.,Curious,PP
0.35975659795472426,0.033185648021143856,COMPAS with sen. attr.,Curious,PP
0.3646877438434431,0.030814679741346725,COMPAS with sen. attr.,Curious,PP
0.3652092843332973,0.03013187079311368,COMPAS with sen. attr.,Curious,PP
0.36520934052651466,0.02914960072943895,COMPAS with sen. attr.,Curious,PP
0.3670583333923363,0.028349112189385232,COMPAS with sen. attr.,Curious,PP
0.3683857070977991,0.02583134615353113,COMPAS with sen. attr.,Curious,PP
0.3689073374968012,0.025534199322326145,COMPAS with sen. attr.,Curious,PP
0.36990303635555066,0.02482699640274717,COMPAS with sen. attr.,Curious,PP
0.3703771722471589,0.0240842721721769,COMPAS with sen. attr.,Curious,PP
0.3703772509176633,0.02342058840399344,COMPAS with sen. attr.,Curious,PP
0.3721316368825757,0.02169258154128977,COMPAS with sen. attr.,Curious,PP
0.3722738057227397,0.020094365503056592,COMPAS with sen. attr.,Curious,PP
0.3729850432760825,0.01947820486040697,COMPAS with sen. attr.,Curious,PP
0.3736488649925358,0.01631294274929771,COMPAS with sen. attr.,Curious,PP
0.37464442898756345,0.015015571817313769,COMPAS with sen. attr.,Curious,PP
0.3751186210723891,0.0146391966729716,COMPAS with sen. attr.,Curious,PP
0.3787221572441317,0.013162789859196831,COMPAS with sen. attr.,Curious,PP
0.3848859912668996,0.011113384074207634,COMPAS with sen. attr.,Curious,PP
0.3858814878300663,0.010108886509112413,COMPAS with sen. attr.,Curious,PP
0.39360859468517817,0.009048020705782613,COMPAS with sen. attr.,Curious,PP
0.3936560442379979,0.00681440495229968,COMPAS with sen. attr.,Curious,PP
0.3937984041351015,0.005609453899615114,COMPAS with sen. attr.,Curious,PP
0.3945094618701485,0.004304074628285415,COMPAS with sen. attr.,Curious,PP
0.39498362023904376,0.0040022444015425105,COMPAS with sen. attr.,Curious,PP
0.3957422736292761,0.003646200516071985,COMPAS with sen. attr.,Curious,PP
0.39749662587825785,0.0015512194501279494,COMPAS with sen. attr.,Curious,PP
0.3982550769729074,0.0008764893024652664,COMPAS with sen. attr.,Curious,PP
0.3988714828524712,0.00045917177596612737,COMPAS with sen. attr.,Curious,PP
0.4708898004927246,0.0,COMPAS with sen. attr.,Curious,PP
0.3293664855334495,0.0806625240094276,COMPAS with sen. attr.,Lower bound,PP
0.3422625704508415,0.03564341443117613,COMPAS with sen. attr.,Lower bound,PP
0.3425470654721787,0.03559032614853608,COMPAS with sen. attr.,Lower bound,PP
0.34321075232491005,0.03503561386585578,COMPAS with sen. attr.,Lower bound,PP
0.34325816816179955,0.034774179369147167,COMPAS with sen. attr.,Lower bound,PP
0.3433529773582916,0.03450580988403566,COMPAS with sen. attr.,Lower bound,PP
0.3442063500358681,0.03138213913423935,COMPAS with sen. attr.,Lower bound,PP
0.3445382608940948,0.031233140262977094,COMPAS with sen. attr.,Lower bound,PP
0.3452020826105481,0.02728137721377182,COMPAS with sen. attr.,Lower bound,PP
0.3452969142843271,0.027169811693522502,COMPAS with sen. attr.,Lower bound,PP
0.3456288251425538,0.026714383741655044,COMPAS with sen. attr.,Lower bound,PP
0.346197815185228,0.025363972056098017,COMPAS with sen. attr.,Lower bound,PP
0.34634006269589657,0.02486569342916607,COMPAS with sen. attr.,Lower bound,PP
0.34648231020656506,0.024571503227668056,COMPAS with sen. attr.,Lower bound,PP
0.34686163690168137,0.0239665383527937,COMPAS with sen. attr.,Lower bound,PP
0.3468616818562553,0.021993760329451283,COMPAS with sen. attr.,Lower bound,PP
0.34743069437621643,0.02018132407351914,COMPAS with sen. attr.,Lower bound,PP
0.3495167776651291,0.02006685876451269,COMPAS with sen. attr.,Lower bound,PP
0.3499435651517088,0.018934634887695468,COMPAS with sen. attr.,Lower bound,PP
0.3500383968254879,0.01820204690650351,COMPAS with sen. attr.,Lower bound,PP
0.3515079955643322,0.016506827593969688,COMPAS with sen. attr.,Lower bound,PP
0.3516502430750008,0.016136596670274915,COMPAS with sen. attr.,Lower bound,PP
0.352029569770117,0.015676176385617357,COMPAS with sen. attr.,Lower bound,PP
0.3528828300612584,0.014225374657140218,COMPAS with sen. attr.,Lower bound,PP
0.3531673700371696,0.012423009246701169,COMPAS with sen. attr.,Lower bound,PP
0.35397343926429137,0.011991446830065231,COMPAS with sen. attr.,Lower bound,PP
0.3570553675143189,0.009855567617711669,COMPAS with sen. attr.,Lower bound,PP
0.3574821100463246,0.009754808049287631,COMPAS with sen. attr.,Lower bound,PP
0.3593782939761657,0.008894121438281454,COMPAS with sen. attr.,Lower bound,PP
0.3597101261638879,0.006868253652651046,COMPAS with sen. attr.,Lower bound,PP
0.3603738692098368,0.004273802263314063,COMPAS with sen. attr.,Lower bound,PP
0.3608006117418425,0.003960648612576589,COMPAS with sen. attr.,Lower bound,PP
0.3613694893980819,0.003124020562658103,COMPAS with sen. attr.,Lower bound,PP
0.3615117369087504,0.002746760509157564,COMPAS with sen. attr.,Lower bound,PP
0.3634081680887484,0.0018310466092539054,COMPAS with sen. attr.,Lower bound,PP
0.3636452472731961,0.0015521940641609164,COMPAS with sen. attr.,Lower bound,PP
0.3641192820170128,0.0005981322408454171,COMPAS with sen. attr.,Lower bound,PP
0.3647356878965766,0.0003530153739224939,COMPAS with sen. attr.,Lower bound,PP
0.4708898004927246,0.0,COMPAS with sen. attr.,Lower bound,PP
0.32704368269668105,0.07111645227725365,COMPAS with sen. attr.,BFS objective-aware,PP
0.33998677885979695,0.039286046808607984,COMPAS with sen. attr.,BFS objective-aware,PP
0.3401764084914245,0.03495114507301054,COMPAS with sen. attr.,BFS objective-aware,PP
0.3405083193496512,0.0339167650542759,COMPAS with sen. attr.,BFS objective-aware,PP
0.3406031510234302,0.03276773322781632,COMPAS with sen. attr.,BFS objective-aware,PP
0.3406505668603197,0.03119966941484265,COMPAS with sen. attr.,BFS objective-aware,PP
0.3413143885767729,0.030946359979088105,COMPAS with sen. attr.,BFS objective-aware,PP
0.3415988835981102,0.030750911144800795,COMPAS with sen. attr.,BFS objective-aware,PP
0.3416937152718893,0.027842527283487926,COMPAS with sen. attr.,BFS objective-aware,PP
0.3421678736407845,0.025455190091880263,COMPAS with sen. attr.,BFS objective-aware,PP
0.3423100874355225,0.025253093694876515,COMPAS with sen. attr.,BFS objective-aware,PP
0.34240489663201457,0.025030354112038116,COMPAS with sen. attr.,BFS objective-aware,PP
0.3429737518109669,0.024896412676874168,COMPAS with sen. attr.,BFS objective-aware,PP
0.343115965605705,0.023684852156366662,COMPAS with sen. attr.,BFS objective-aware,PP
0.3432107748021971,0.0224575599650223,COMPAS with sen. attr.,BFS objective-aware,PP
0.3435426519444932,0.021372671893563625,COMPAS with sen. attr.,BFS objective-aware,PP
0.34387454032543296,0.0195503083863346,COMPAS with sen. attr.,BFS objective-aware,PP
0.3443011817096472,0.017804360789737038,COMPAS with sen. attr.,BFS objective-aware,PP
0.3446330138973693,0.014979088869140256,COMPAS with sen. attr.,BFS objective-aware,PP
0.34472784557114844,0.014761115130028491,COMPAS with sen. attr.,BFS objective-aware,PP
0.34501234059248553,0.0134264269485062,COMPAS with sen. attr.,BFS objective-aware,PP
0.34510717226626464,0.011691006689409056,COMPAS with sen. attr.,BFS objective-aware,PP
0.3451545881031541,0.008772570822840242,COMPAS with sen. attr.,BFS objective-aware,PP
0.3452019927014002,0.007400182867798466,COMPAS with sen. attr.,BFS objective-aware,PP
0.3452968243751792,0.0071380042480420295,COMPAS with sen. attr.,BFS objective-aware,PP
0.3459606460916325,0.006898105305471592,COMPAS with sen. attr.,BFS objective-aware,PP
0.3464822202974173,0.006585949607659769,COMPAS with sen. attr.,BFS objective-aware,PP
0.34709862617698106,0.005549969250718778,COMPAS with sen. attr.,BFS objective-aware,PP
0.34776229055242536,0.004219961850736054,COMPAS with sen. attr.,BFS objective-aware,PP
0.3480467518578321,0.002600440049184249,COMPAS with sen. attr.,BFS objective-aware,PP
0.3481415835316111,0.0024020861471100163,COMPAS with sen. attr.,BFS objective-aware,PP
0.3482838310422797,0.0019932584569887445,COMPAS with sen. attr.,BFS objective-aware,PP
0.3493743503361647,0.0010694038647335758,COMPAS with sen. attr.,BFS objective-aware,PP
0.3498010928681704,0.0006651594610661115,COMPAS with sen. attr.,BFS objective-aware,PP
0.4708898004927246,0.0,COMPAS with sen. attr.,BFS objective-aware,PP
0.17955211795572068,0.006226629256028534,Adult with sen. attr.,BFS original,PE
0.1808310486046748,0.0015280595820027962,Adult with sen. attr.,BFS original,PE
0.18006369021530233,0.00491804268449124,Adult with sen. attr.,BFS original,PE
0.1807485369499036,0.001972567424794376,Adult with sen. attr.,BFS original,PE
0.18093007518500104,0.0011522261468251388,Adult with sen. attr.,BFS original,PE
0.18123535026673987,0.0005811804776520955,Adult with sen. attr.,BFS original,PE
0.24789598241766495,0.0,Adult with sen. attr.,BFS original,PE
0.17133404121797555,0.002773952872648568,Adult with sen. attr.,Curious,PE
0.17171357917177088,0.002346536158543236,Adult with sen. attr.,Curious,PE
0.17192810947417614,0.002138347629816382,Adult with sen. attr.,Curious,PE
0.17266244107599016,0.0015556108617975346,Adult with sen. attr.,Curious,PE
0.1748242004777234,0.00048390920339741483,Adult with sen. attr.,Curious,PE
0.24789598241766495,0.0,Adult with sen. attr.,Curious,PE
0.1774233611735282,0.0009064347076160584,Adult with sen. attr.,Lower bound,PE
0.17833920275768667,0.0006342100772854665,Adult with sen. attr.,Lower bound,PE
0.17872700753511128,0.0004756904277398659,Adult with sen. attr.,Lower bound,PE
0.24789598241766495,0.0,Adult with sen. attr.,Lower bound,PE
0.1764497321570928,0.03794910790675544,Adult with sen. attr.,BFS objective-aware,PE
0.17666425429002752,0.005442232875230378,Adult with sen. attr.,BFS objective-aware,PE
0.1768952773923378,0.004574627238858208,Adult with sen. attr.,BFS objective-aware,PE
0.1770025425435403,0.0035697794657931757,Adult with sen. attr.,BFS objective-aware,PE
0.17753061713407606,0.002038031912328026,Adult with sen. attr.,BFS objective-aware,PE
0.17781114518688135,0.0015234875064437199,Adult with sen. attr.,BFS objective-aware,PE
0.1782401979626156,0.0009037248128912164,Adult with sen. attr.,BFS objective-aware,PE
0.17875176001035875,0.0005874069303854129,Adult with sen. attr.,BFS objective-aware,PE
0.24789598241766495,0.0,Adult with sen. attr.,BFS objective-aware,PE
0.3278969654651096,0.15961062763678624,COMPAS with sen. attr.,BFS original,PE
0.3414567259965896,0.09665074190018838,COMPAS with sen. attr.,BFS original,PE
0.3551582732543549,0.01828582173188493,COMPAS with sen. attr.,BFS original,PE
0.3569596479877041,0.006492221854780289,COMPAS with sen. attr.,BFS original,PE
0.35624863520723105,0.008016160612684809,COMPAS with sen. attr.,BFS original,PE
0.3569125018782582,0.007440740142013425,COMPAS with sen. attr.,BFS original,PE
0.3557272071038117,0.010712018777776191,COMPAS with sen. attr.,BFS original,PE
0.35686504108679473,0.007671266273052245,COMPAS with sen. attr.,BFS original,PE
0.3566280068569212,0.007945545738864291,COMPAS with sen. attr.,BFS original,PE
0.3680550437289999,0.004935205037013779,COMPAS with sen. attr.,BFS original,PE
0.37445636152738093,0.004797283736778457,COMPAS with sen. attr.,BFS original,PE
0.3757365554074677,0.0028754720632024108,COMPAS with sen. attr.,BFS original,PE
0.3766847148042493,0.0017475035904633506,COMPAS with sen. attr.,BFS original,PE
0.3806191953108783,0.001027619458069684,COMPAS with sen. attr.,BFS original,PE
0.3848857552553864,0.000419498304214172,COMPAS with sen. attr.,BFS original,PE
0.4708898004927246,0.0,COMPAS with sen. attr.,BFS original,PE
0.3371894467788981,0.12944378507981574,COMPAS with sen. attr.,Curious,PE
0.3480944149448784,0.0978982822160992,COMPAS with sen. attr.,Curious,PE
0.3894366753575097,0.03954802876291864,COMPAS with sen. attr.,Curious,PE
0.3894840911943993,0.03921441742013298,COMPAS with sen. attr.,Curious,PE
0.3895789228681783,0.038987134421575066,COMPAS with sen. attr.,Curious,PE
0.389863406650872,0.0383058039120542,COMPAS with sen. attr.,Curious,PE
0.3905272283673252,0.03565583450132398,COMPAS with sen. attr.,Curious,PE
0.3914753765254633,0.03514168604541064,COMPAS with sen. attr.,Curious,PE
0.3925184350278848,0.031193261749387288,COMPAS with sen. attr.,Curious,PE
0.3930872902068372,0.029586518642559824,COMPAS with sen. attr.,Curious,PE
0.3931346948050832,0.029187683720042663,COMPAS with sen. attr.,Curious,PE
0.3946044958395103,0.024795661978915792,COMPAS with sen. attr.,Curious,PE
0.3947942153802859,0.02355494154384336,COMPAS with sen. attr.,Curious,PE
0.3948416312171754,0.022034269600636203,COMPAS with sen. attr.,Curious,PE
0.39507863173111857,0.020813801299999227,COMPAS with sen. attr.,Curious,PE
0.3960267236960392,0.01982270785728598,COMPAS with sen. attr.,Curious,PE
0.3964060503911553,0.019398380523752697,COMPAS with sen. attr.,Curious,PE
0.3983023579460749,0.01822207776505424,COMPAS with sen. attr.,Curious,PE
0.3984920212936329,0.01708716846509228,COMPAS with sen. attr.,Curious,PE
0.3991558767260168,0.01540315707787497,COMPAS with sen. attr.,Curious,PE
0.3994403155541365,0.013826228149072957,COMPAS with sen. attr.,Curious,PE
0.4009101390658507,0.013039514380288249,COMPAS with sen. attr.,Curious,PE
0.4010049595009863,0.012018735501067395,COMPAS with sen. attr.,Curious,PE
0.40147911786988144,0.011628271790652343,COMPAS with sen. attr.,Curious,PE
0.4026171204325169,0.006962902890034317,COMPAS with sen. attr.,Curious,PE
0.4032809196716832,0.0054332368909775315,COMPAS with sen. attr.,Curious,PE
0.4048454175161677,0.004055182151507393,COMPAS with sen. attr.,Curious,PE
0.4063151286414469,0.0025435797697955786,COMPAS with sen. attr.,Curious,PE
0.4081167169090224,0.0011866076731357506,COMPAS with sen. attr.,Curious,PE
0.4101079348082255,0.0004166807052099375,COMPAS with sen. attr.,Curious,PE
0.4708898004927246,0.0,COMPAS with sen. attr.,Curious,PE
0.3293664855334495,0.1694485373061275,COMPAS with sen. attr.,Lower bound,PE
0.3448704077638347,0.09868246513756636,COMPAS with sen. attr.,Lower bound,PE
0.37383853957873736,0.03983519391088549,COMPAS with sen. attr.,Lower bound,PE
0.3743125855611977,0.034899490247500865,COMPAS with sen. attr.,Lower bound,PE
0.3753083181358777,0.03159262943984916,COMPAS with sen. attr.,Lower bound,PE
0.3756402289941043,0.029528614054775894,COMPAS with sen. attr.,Lower bound,PE
0.3764462982212262,0.028753008350394082,COMPAS with sen. attr.,Lower bound,PE
0.3771099625966705,0.028044630984128016,COMPAS with sen. attr.,Lower bound,PE
0.3787692471603601,0.02561706790083581,COMPAS with sen. attr.,Lower bound,PE
0.3791011580185867,0.02466656554188273,COMPAS with sen. attr.,Lower bound,PE
0.3797175638981505,0.021989391399396117,COMPAS with sen. attr.,Lower bound,PE
0.38033396977771416,0.02043642083234105,COMPAS with sen. attr.,Lower bound,PE
0.3806658019654364,0.017879362736967663,COMPAS with sen. attr.,Lower bound,PE
0.3819931307163253,0.01729941593655685,COMPAS with sen. attr.,Lower bound,PE
0.3838423483550166,0.015939662118720156,COMPAS with sen. attr.,Lower bound,PE
0.3840319667480008,0.015630573153585004,COMPAS with sen. attr.,Lower bound,PE
0.3848378449181833,0.013829822138678094,COMPAS with sen. attr.,Lower bound,PE
0.385549082471526,0.011278725221383987,COMPAS with sen. attr.,Lower bound,PE
0.3856913299821947,0.0109470859653537,COMPAS with sen. attr.,Lower bound,PE
0.3862603200248688,0.009036340341044136,COMPAS with sen. attr.,Lower bound,PE
0.3863551516986479,0.008674984106719021,COMPAS with sen. attr.,Lower bound,PE
0.3873033223340728,0.007170902891171927,COMPAS with sen. attr.,Lower bound,PE
0.3874929407270571,0.007155027252501467,COMPAS with sen. attr.,Lower bound,PE
0.3889628204319887,0.006304116700608431,COMPAS with sen. attr.,Lower bound,PE
0.3891524837795467,0.005813519807722087,COMPAS with sen. attr.,Lower bound,PE
0.3893895067707769,0.005367057969193532,COMPAS with sen. attr.,Lower bound,PE
0.38943686641444897,0.002505117597119833,COMPAS with sen. attr.,Lower bound,PE
0.39038518315223947,0.0016447547649260153,COMPAS with sen. attr.,Lower bound,PE
0.3910015890318033,0.001322811602109708,COMPAS with sen. attr.,Lower bound,PE
0.3922344007909309,0.000974719114971101,COMPAS with sen. attr.,Lower bound,PE
0.3956949252242475,0.00045054510717552616,COMPAS with sen. attr.,Lower bound,PE
0.4708898004927246,0.0,COMPAS with sen. attr.,Lower bound,PE
0.32704368269668105,0.15899401157068052,COMPAS with sen. attr.,BFS objective-aware,PE
0.3412670626490314,0.09645291796349204,COMPAS with sen. attr.,BFS objective-aware,PE
0.3543523051750244,0.01855137388635552,COMPAS with sen. attr.,BFS objective-aware,PE
0.35444711437151644,0.012912452780362715,COMPAS with sen. attr.,BFS objective-aware,PE
0.3546841935559641,0.010348337540191144,COMPAS with sen. attr.,BFS objective-aware,PE
0.3547790027524561,0.008527598536196567,COMPAS with sen. attr.,BFS objective-aware,PE
0.3548738119489483,0.007829718419948017,COMPAS with sen. attr.,BFS objective-aware,PE
0.3552056778526009,0.006272170164270219,COMPAS with sen. attr.,BFS objective-aware,PE
0.35549010544207715,0.005868185892807775,COMPAS with sen. attr.,BFS objective-aware,PE
0.35719707557009983,0.005222378204746564,COMPAS with sen. attr.,BFS objective-aware,PE
0.35795571772168866,0.004884382510831481,COMPAS with sen. attr.,BFS objective-aware,PE
0.361891164751658,0.0042322305518217316,COMPAS with sen. attr.,BFS objective-aware,PE
0.3625075481539348,0.002083333855320296,COMPAS with sen. attr.,BFS objective-aware,PE
0.3627445823838085,0.0015856945672276966,COMPAS with sen. attr.,BFS objective-aware,PE
0.36464121585938936,0.0013088492199598068,COMPAS with sen. attr.,BFS objective-aware,PE
0.3653997905791171,0.0006677408453291455,COMPAS with sen. attr.,BFS objective-aware,PE
0.4708898004927246,0.0,COMPAS with sen. attr.,BFS objective-aware,PE
0.17937888773200114,0.008927098328449323,Adult with sen. attr.,BFS original,EOpp
0.17967592968917745,0.00883395138305142,Adult with sen. attr.,BFS original,EOpp
0.1807485369499036,0.008418664495370754,Adult with sen. attr.,BFS original,EOpp
0.1808310486046748,0.007308681207531531,Adult with sen. attr.,BFS original,EOpp
0.1809135527707646,0.0049400567382738795,Adult with sen. attr.,BFS original,EOpp
0.1814746357675497,0.003353512836614103,Adult with sen. attr.,BFS original,EOpp
0.1824152556969464,0.001372053655114902,Adult with sen. attr.,BFS original,EOpp
0.1838427073244888,0.0009638291425873467,Adult with sen. attr.,BFS original,EOpp
0.18417274849725995,0.0005755858646494305,Adult with sen. attr.,BFS original,EOpp
0.24789598241766495,0.0,Adult with sen. attr.,BFS original,EOpp
0.17133404121797555,0.0130359964470254,Adult with sen. attr.,Curious,EOpp
0.1714248040382239,0.011563774770260184,Adult with sen. attr.,Curious,EOpp
0.17168059016801485,0.011088743373280276,Adult with sen. attr.,Curious,EOpp
0.17213439439781264,0.010319160422402041,Adult with sen. attr.,Curious,EOpp
0.17254695267166886,0.009220988883459836,Adult with sen. attr.,Curious,EOpp
0.17281098962654207,0.008549029562100241,Adult with sen. attr.,Curious,EOpp
0.17307502147549625,0.005498954399056099,Adult with sen. attr.,Curious,EOpp
0.17335556110171846,0.0032753720770110737,Adult with sen. attr.,Curious,EOpp
0.17338856576362693,0.0024645284761375397,Adult with sen. attr.,Curious,EOpp
0.17340506809458134,0.002228168420986853,Adult with sen. attr.,Curious,EOpp
0.17397439851250274,0.0011410797243071036,Adult with sen. attr.,Curious,EOpp
0.1741971799803851,0.0008713040374828117,Adult with sen. attr.,Curious,EOpp
0.17421368231133927,0.0005770001110533053,Adult with sen. attr.,Curious,EOpp
0.24789598241766495,0.0,Adult with sen. attr.,Curious,EOpp
0.1774233611735282,0.008227452528927981,Adult with sen. attr.,Lower bound,EOpp
0.17841348026671144,0.005890699184991943,Adult with sen. attr.,Lower bound,EOpp
0.17851249016770154,0.005051808230254573,Adult with sen. attr.,Lower bound,EOpp
0.17889204377964918,0.0041043983425256055,Adult with sen. attr.,Lower bound,EOpp
0.1791395787439629,0.003279400364579477,Adult with sen. attr.,Lower bound,EOpp
0.17951086587267573,0.002773768666004628,Adult with sen. attr.,Lower bound,EOpp
0.18076504302519855,0.0019272219258498649,Adult with sen. attr.,Lower bound,EOpp
0.1810538242858486,0.0005366202652103081,Adult with sen. attr.,Lower bound,EOpp
0.24789598241766495,0.0,Adult with sen. attr.,Lower bound,EOpp
0.1764497321570928,0.134314768994006,Adult with sen. attr.,BFS objective-aware,EOpp
0.17666425429002752,0.010168728090181146,Adult with sen. attr.,BFS objective-aware,EOpp
0.17670551011741298,0.008302496726668584,Adult with sen. attr.,BFS objective-aware,EOpp
0.1767797675431554,0.00630888203210489,Adult with sen. attr.,BFS objective-aware,EOpp
0.17715932115510324,0.0039644345454587174,Adult with sen. attr.,BFS objective-aware,EOpp
0.17748111660871102,0.002606445796292189,Adult with sen. attr.,BFS objective-aware,EOpp
0.1779101595130015,0.0020888003941741612,Adult with sen. attr.,BFS objective-aware,EOpp
0.17801742466420412,0.0019408127374214825,Adult with sen. attr.,BFS objective-aware,EOpp
0.17952737433073307,0.0011701547894074624,Adult with sen. attr.,BFS objective-aware,EOpp
0.1806082749658685,0.0005186907620071457,Adult with sen. attr.,BFS objective-aware,EOpp
0.24789598241766495,0.0,Adult with sen. attr.,BFS objective-aware,EOpp
0.3273281102861573,0.21184781049965995,COMPAS with sen. attr.,BFS original,EOpp
0.33406034994213785,0.1877691276604171,COMPAS with sen. attr.,BFS original,EOpp
0.35416302394134497,0.08858442490671295,COMPAS with sen. attr.,BFS original,EOpp
0.3582402576975998,0.03909332260901623,COMPAS with sen. attr.,BFS original,EOpp
0.359188203560155,0.029955082690085358,COMPAS with sen. attr.,BFS original,EOpp
0.3586667529794487,0.032762253715570865,COMPAS with sen. attr.,BFS original,EOpp
0.3590460909132084,0.031268345984923375,COMPAS with sen. attr.,BFS original,EOpp
0.361321815072392,0.024713582161789812,COMPAS with sen. attr.,BFS original,EOpp
0.3615115458518111,0.023551059153979537,COMPAS with sen. attr.,BFS original,EOpp
0.3617959959185743,0.02306423715403182,COMPAS with sen. attr.,BFS original,EOpp
0.3606105662804058,0.024753725829431958,COMPAS with sen. attr.,BFS original,EOpp
0.3618433443236029,0.022601527559149924,COMPAS with sen. attr.,BFS original,EOpp
0.3624595928621577,0.01913633952677072,COMPAS with sen. attr.,BFS original,EOpp
0.36383457346144943,0.013780712284957973,COMPAS with sen. attr.,BFS original,EOpp
0.364071720077758,0.010997731375930063,COMPAS with sen. attr.,BFS original,EOpp
0.36734274974316894,0.007811437136491928,COMPAS with sen. attr.,BFS original,EOpp
0.36814884144757776,0.005234340473355181,COMPAS with sen. attr.,BFS original,EOpp
0.3682910664809593,0.0020875817754381744,COMPAS with sen. attr.,BFS original,EOpp
0.3763981631111533,0.0018643457715632136,COMPAS with sen. attr.,BFS original,EOpp
0.38113945459537457,0.0009884179555453953,COMPAS with sen. attr.,BFS original,EOpp
0.3860241848864746,0.0006107967355085897,COMPAS with sen. attr.,BFS original,EOpp
0.4708898004927246,0.0,COMPAS with sen. attr.,BFS original,EOpp
0.3371894467788981,0.1840234893873886,COMPAS with sen. attr.,Curious,EOpp
0.37962272098572797,0.0955017965415248,COMPAS with sen. attr.,Curious,EOpp
0.3977342220403061,0.045193106458399385,COMPAS with sen. attr.,Curious,EOpp
0.3985875048087346,0.04409932439858976,COMPAS with sen. attr.,Curious,EOpp
0.3988719998300716,0.04395164578501546,COMPAS with sen. attr.,Curious,EOpp
0.3992513265251878,0.04378958143130608,COMPAS with sen. attr.,Curious,EOpp
0.3998202828519316,0.043052273510717866,COMPAS with sen. attr.,Curious,EOpp
0.4010528024063284,0.041551548937338235,COMPAS with sen. attr.,Curious,EOpp
0.4016218036876461,0.04108670126100174,COMPAS with sen. attr.,Curious,EOpp
0.40275968262520334,0.03883461273406661,COMPAS with sen. attr.,Curious,EOpp
0.4030915934834299,0.03822231966956678,COMPAS with sen. attr.,Curious,EOpp
0.4031864026799219,0.03549605018233547,COMPAS with sen. attr.,Curious,EOpp
0.4049404065309555,0.03406846803666316,COMPAS with sen. attr.,Curious,EOpp
0.4054619807367403,0.03248042623643381,COMPAS with sen. attr.,Curious,EOpp
0.4058887232687459,0.031067746693810464,COMPAS with sen. attr.,Curious,EOpp
0.4067421746168269,0.029953739216377333,COMPAS with sen. attr.,Curious,EOpp
0.4077853230283963,0.02901428869954307,COMPAS with sen. attr.,Curious,EOpp
0.40806973937922897,0.027561006580057824,COMPAS with sen. attr.,Curious,EOpp
0.40840172890796006,0.025268199063252242,COMPAS with sen. attr.,Curious,EOpp
0.4090181347875239,0.021945541649189226,COMPAS with sen. attr.,Curious,EOpp
0.40939743900535297,0.020650525538885488,COMPAS with sen. attr.,Curious,EOpp
0.4103455309702737,0.017851877074843613,COMPAS with sen. attr.,Curious,EOpp
0.410914476058374,0.016052048233752413,COMPAS with sen. attr.,Curious,EOpp
0.4124314681568209,0.014039071339094987,COMPAS with sen. attr.,Curious,EOpp
0.4133797848946113,0.013573247875774252,COMPAS with sen. attr.,Curious,EOpp
0.4139961907741752,0.01311078880347408,COMPAS with sen. attr.,Curious,EOpp
0.41432810163240175,0.011127563695249,COMPAS with sen. attr.,Curious,EOpp
0.4143755174692911,0.010835091685464659,COMPAS with sen. attr.,Curious,EOpp
0.415276418370192,0.010618556546828094,COMPAS with sen. attr.,Curious,EOpp
0.41546608171775024,0.010187327163400985,COMPAS with sen. attr.,Curious,EOpp
0.41622474634662604,0.009902108346044745,COMPAS with sen. attr.,Curious,EOpp
0.4173625578523221,0.006595870046064189,COMPAS with sen. attr.,Curious,EOpp
0.4174099736892117,0.006295344125703562,COMPAS with sen. attr.,Curious,EOpp
0.4183581218473498,0.005578808464793794,COMPAS with sen. attr.,Curious,EOpp
0.4189271118900241,0.004986790864289592,COMPAS with sen. attr.,Curious,EOpp
0.4195433716672224,0.0045861631985933075,COMPAS with sen. attr.,Curious,EOpp
0.4224827264859201,0.001859931335600562,COMPAS with sen. attr.,Curious,EOpp
0.4230515816648725,0.0011831132550980561,COMPAS with sen. attr.,Curious,EOpp
0.4236679763057927,0.00037580714637739374,COMPAS with sen. attr.,Curious,EOpp
0.4708898004927246,0.0,COMPAS with sen. attr.,Curious,EOpp
0.3293664855334495,0.2347180555843537,COMPAS with sen. attr.,Lower bound,EOpp
0.3343920697434252,0.1869080432367254,COMPAS with sen. attr.,Lower bound,EOpp
0.3610848257970925,0.09564808656377058,COMPAS with sen. attr.,Lower bound,EOpp
0.3946043160212145,0.045864384271920924,COMPAS with sen. attr.,Lower bound,EOpp
0.3951258115564947,0.044255099314273585,COMPAS with sen. attr.,Lower bound,EOpp
0.3956473857622795,0.04296992615410043,COMPAS with sen. attr.,Lower bound,EOpp
0.3959792966205061,0.04188942220364132,COMPAS with sen. attr.,Lower bound,EOpp
0.3961689599680642,0.04008051388820877,COMPAS with sen. attr.,Lower bound,EOpp
0.4009105436570163,0.03910884041181495,COMPAS with sen. attr.,Lower bound,EOpp
0.4012898366362021,0.03787650980252999,COMPAS with sen. attr.,Lower bound,EOpp
0.4036603025600168,0.03631960446122131,COMPAS with sen. attr.,Lower bound,EOpp
0.4043240006513919,0.035253640427612296,COMPAS with sen. attr.,Lower bound,EOpp
0.4047981028270695,0.034321013822034514,COMPAS with sen. attr.,Lower bound,EOpp
0.4056041720541914,0.032649968618529965,COMPAS with sen. attr.,Lower bound,EOpp
0.4057464195648599,0.031915912197434705,COMPAS with sen. attr.,Lower bound,EOpp
0.4058885996436675,0.029371987282219868,COMPAS with sen. attr.,Lower bound,EOpp
0.4065997585265059,0.028469112835799323,COMPAS with sen. attr.,Lower bound,EOpp
0.4071212765390733,0.026835869924219543,COMPAS with sen. attr.,Lower bound,EOpp
0.40778509825552656,0.0261252534989976,COMPAS with sen. attr.,Lower bound,EOpp
0.4082117958329582,0.025383461283696798,COMPAS with sen. attr.,Lower bound,EOpp
0.40868584181541856,0.024448197442075225,COMPAS with sen. attr.,Lower bound,EOpp
0.4094919110425404,0.022977238679357515,COMPAS with sen. attr.,Lower bound,EOpp
0.4100609010852148,0.02141031689058067,COMPAS with sen. attr.,Lower bound,EOpp
0.4105350144995359,0.019860406130107863,COMPAS with sen. attr.,Lower bound,EOpp
0.4117676014857936,0.01901037214711775,COMPAS with sen. attr.,Lower bound,EOpp
0.4118150173226832,0.016149637879028445,COMPAS with sen. attr.,Lower bound,EOpp
0.4121943440177993,0.014953286990854688,COMPAS with sen. attr.,Lower bound,EOpp
0.4123365915284679,0.013701727599101744,COMPAS with sen. attr.,Lower bound,EOpp
0.4126210191179441,0.013251227381517794,COMPAS with sen. attr.,Lower bound,EOpp
0.4128580983023917,0.011917352922643345,COMPAS with sen. attr.,Lower bound,EOpp
0.4131899304901139,0.010913310145415469,COMPAS with sen. attr.,Lower bound,EOpp
0.4141382472279044,0.010312258304694209,COMPAS with sen. attr.,Lower bound,EOpp
0.4143278656208884,0.008950677876635693,COMPAS with sen. attr.,Lower bound,EOpp
0.4157029248906845,0.0073452861410215455,COMPAS with sen. attr.,Lower bound,EOpp
0.4160821616766527,0.00551803200523564,COMPAS with sen. attr.,Lower bound,EOpp
0.4169830625775537,0.004207396297198551,COMPAS with sen. attr.,Lower bound,EOpp
0.41774171596778603,0.0034528522332273105,COMPAS with sen. attr.,Lower bound,EOpp
0.4179313793153441,0.0025956860361803225,COMPAS with sen. attr.,Lower bound,EOpp
0.4186424482890346,0.002331452391465772,COMPAS with sen. attr.,Lower bound,EOpp
0.4189269433103717,0.0018354725825876718,COMPAS with sen. attr.,Lower bound,EOpp
0.4201121594143139,0.0010121500300853462,COMPAS with sen. attr.,Lower bound,EOpp
0.4216768820316681,0.00042650373620296557,COMPAS with sen. attr.,Lower bound,EOpp
0.4708898004927246,0.0,COMPAS with sen. attr.,Lower bound,EOpp
0.32704368269668105,0.21182605008185992,COMPAS with sen. attr.,BFS objective-aware,EOpp
0.3324959644840885,0.19272280656463792,COMPAS with sen. attr.,BFS objective-aware,EOpp
0.3506544767843903,0.08694285007096658,COMPAS with sen. attr.,BFS objective-aware,EOpp
0.35511093608796984,0.04280561139417954,COMPAS with sen. attr.,BFS objective-aware,EOpp
0.3553480152724173,0.042413295376863516,COMPAS with sen. attr.,BFS objective-aware,EOpp
0.3557746566566317,0.042002956069777414,COMPAS with sen. attr.,BFS objective-aware,EOpp
0.3558694883304108,0.04111821581003715,COMPAS with sen. attr.,BFS objective-aware,EOpp
0.356201365472707,0.040149154179531,COMPAS with sen. attr.,BFS objective-aware,EOpp
0.3567228160534132,0.038287084142072006,COMPAS with sen. attr.,BFS objective-aware,EOpp
0.357244390259198,0.035317032033270565,COMPAS with sen. attr.,BFS objective-aware,EOpp
0.35733922193297696,0.03501941298565152,COMPAS with sen. attr.,BFS objective-aware,EOpp
0.35748146944364545,0.034275365366603895,COMPAS with sen. attr.,BFS objective-aware,EOpp
0.35752888528053506,0.03412655584279437,COMPAS with sen. attr.,BFS objective-aware,EOpp
0.3579081782597208,0.03311061221546461,COMPAS with sen. attr.,BFS objective-aware,EOpp
0.35805042577038937,0.03236656459641698,COMPAS with sen. attr.,BFS objective-aware,EOpp
0.35838231415132904,0.03112506481292616,COMPAS with sen. attr.,BFS objective-aware,EOpp
0.35847714582510803,0.02977437868055487,COMPAS with sen. attr.,BFS objective-aware,EOpp
0.3585245504233541,0.02962205575595472,COMPAS with sen. attr.,BFS objective-aware,EOpp
0.3588089892514737,0.02776494422062536,COMPAS with sen. attr.,BFS objective-aware,EOpp
0.359140821439196,0.02717059058020932,COMPAS with sen. attr.,BFS objective-aware,EOpp
0.35933048478675395,0.026416429858780555,COMPAS with sen. attr.,BFS objective-aware,EOpp
0.3596623956449807,0.025090862577348272,COMPAS with sen. attr.,BFS objective-aware,EOpp
0.3607529374161527,0.023553275439569026,COMPAS with sen. attr.,BFS objective-aware,EOpp
0.3608951512108908,0.022192180051876245,COMPAS with sen. attr.,BFS objective-aware,EOpp
0.3609899828846699,0.02173563837806653,COMPAS with sen. attr.,BFS objective-aware,EOpp
0.3613218937428965,0.02084318388594857,COMPAS with sen. attr.,BFS objective-aware,EOpp
0.361511545851811,0.0202437650826382,COMPAS with sen. attr.,BFS objective-aware,EOpp
0.36198562555020186,0.018272320494693812,COMPAS with sen. attr.,BFS objective-aware,EOpp
0.3628389757504913,0.017034250226013924,COMPAS with sen. attr.,BFS objective-aware,EOpp
0.3630286166207625,0.01436534211830349,COMPAS with sen. attr.,BFS objective-aware,EOpp
0.3631708304155005,0.013603727495302729,COMPAS with sen. attr.,BFS objective-aware,EOpp
0.3632182462523901,0.012858165487669928,COMPAS with sen. attr.,BFS objective-aware,EOpp
0.3636449887843958,0.012157871514865914,COMPAS with sen. attr.,BFS objective-aware,EOpp
0.3637398092195313,0.011406937560040386,COMPAS with sen. attr.,BFS objective-aware,EOpp
0.3675322220337877,0.009558324215963832,COMPAS with sen. attr.,BFS objective-aware,EOpp
0.36767446954445615,0.00926341079605041,COMPAS with sen. attr.,BFS objective-aware,EOpp
0.3678167170551248,0.008860097698030433,COMPAS with sen. attr.,BFS objective-aware,EOpp
0.36819604375024095,0.006620024372595767,COMPAS with sen. attr.,BFS objective-aware,EOpp
0.3688123035274393,0.006094665714280943,COMPAS with sen. attr.,BFS objective-aware,EOpp
0.36961818169762173,0.0058328113350373904,COMPAS with sen. attr.,BFS objective-aware,EOpp
0.3768711301838383,0.0035146294985480718,COMPAS with sen. attr.,BFS objective-aware,EOpp
0.3771556252051755,0.00284092819984677,COMPAS with sen. attr.,BFS objective-aware,EOpp
0.3780090877918999,0.0018146706693215164,COMPAS with sen. attr.,BFS objective-aware,EOpp
0.37834091997962216,0.000991919778758843,COMPAS with sen. attr.,BFS objective-aware,EOpp
0.37947890006497054,0.0005522271994765071,COMPAS with sen. attr.,BFS objective-aware,EOpp
0.4708898004927246,0.0,COMPAS with sen. attr.,BFS objective-aware,EOpp
0.17985743422520814,0.18549823082055986,Adult with sen. attr.,BFS original,EOdds
0.18015447618238467,0.1208017937175412,Adult with sen. attr.,BFS original,EOdds
0.1803855088157441,0.024109521520762484,Adult with sen. attr.,BFS original,EOdds
0.18044326697408386,0.01623034738393676,Adult with sen. attr.,BFS original,EOdds
0.1810043230796945,0.009776156590046171,Adult with sen. attr.,BFS original,EOdds
0.18140863018807352,0.0060864634078673634,Adult with sen. attr.,BFS original,EOdds
0.1816231604904788,0.0056336317118791755,Adult with sen. attr.,BFS original,EOdds
0.18187069000847844,0.004154615233132238,Adult with sen. attr.,BFS original,EOdds
0.1819201949589736,0.003988031978682685,Adult with sen. attr.,BFS original,EOdds
0.18220897792159685,0.0031979925308520947,Adult with sen. attr.,BFS original,EOdds
0.1825142696826718,0.0017194405992842635,Adult with sen. attr.,BFS original,EOdds
0.1828690697981884,0.0012616073507106247,Adult with sen. attr.,BFS original,EOdds
0.18326512574109025,0.0008778913347956487,Adult with sen. attr.,BFS original,EOdds
0.18400772008179825,0.0006914302312310628,Adult with sen. attr.,BFS original,EOdds
0.1856909496696607,0.00038644655259669316,Adult with sen. attr.,BFS original,EOdds
0.24789598241766495,0.0,Adult with sen. attr.,BFS original,EOdds
0.17133404121797555,0.007904974659836977,Adult with sen. attr.,Curious,EOdds
0.1714248040382239,0.007126040275596211,Adult with sen. attr.,Curious,EOdds
0.1719198640954076,0.006645798361457385,Adult with sen. attr.,Curious,EOdds
0.17214264522289524,0.006414811928711961,Adult with sen. attr.,Curious,EOdds
0.1726212002259675,0.005772443695642253,Adult with sen. attr.,Curious,EOdds
0.17268721669807152,0.0045146837350245475,Adult with sen. attr.,Curious,EOdds
0.1727037190290257,0.004447103844825276,Adult with sen. attr.,Curious,EOdds
0.17305851914454207,0.0035180109169811453,Adult with sen. attr.,Curious,EOdds
0.17331430527433303,0.003125559666843101,Adult with sen. attr.,Curious,EOdds
0.17338856576362693,0.0017899163576011138,Adult with sen. attr.,Curious,EOdds
0.17342157042553552,0.001666334537846217,Adult with sen. attr.,Curious,EOdds
0.17370211005175773,0.0013973142360254286,Adult with sen. attr.,Curious,EOdds
0.17453546380876794,0.0009233327030414477,Adult with sen. attr.,Curious,EOdds
0.1762598869318014,0.0006605738772438063,Adult with sen. attr.,Curious,EOdds
0.17680446998039456,0.00039281789068304983,Adult with sen. attr.,Curious,EOdds
0.24789598241766495,0.0,Adult with sen. attr.,Curious,EOdds
0.1774233611735282,0.0045669436182720355,Adult with sen. attr.,Lower bound,EOdds
0.17841348026671144,0.0038876723225052187,Adult with sen. attr.,Lower bound,EOdds
0.17853724264294896,0.003655755547764972,Adult with sen. attr.,Lower bound,EOdds
0.1788507869310798,0.003619382361500117,Adult with sen. attr.,Lower bound,EOdds
0.17909831032197654,0.0029196610456387892,Adult with sen. attr.,Lower bound,EOdds
0.17959337003876552,0.002389574400060316,Adult with sen. attr.,Lower bound,EOdds
0.1796016212042426,0.001913455127219725,Adult with sen. attr.,Lower bound,EOdds
0.1801791898526458,0.0012385946897946125,Adult with sen. attr.,Lower bound,EOdds
0.18138386750098745,0.00029551779191716604,Adult with sen. attr.,Lower bound,EOdds
0.24789598241766495,0.0,Adult with sen. attr.,Lower bound,EOdds
0.1764497321570928,0.08613193845038072,Adult with sen. attr.,BFS objective-aware,EOdds
0.17666425429002752,0.0078054804827057764,Adult with sen. attr.,BFS objective-aware,EOdds
0.17673851171576993,0.007533314158084325,Adult with sen. attr.,BFS objective-aware,EOdds
0.1768952773923378,0.0067868567369121545,Adult with sen. attr.,BFS objective-aware,EOdds
0.17693653321972325,0.006294667767126767,Adult with sen. attr.,BFS objective-aware,EOdds
0.17731608683167105,0.004660857599596857,Adult with sen. attr.,BFS objective-aware,EOdds
0.17752235745873368,0.004587754451788882,Adult with sen. attr.,BFS objective-aware,EOdds
0.1779101595130015,0.0026564025846635394,Adult with sen. attr.,BFS objective-aware,EOdds
0.17801742466420412,0.002079984869754684,Adult with sen. attr.,BFS objective-aware,EOdds
0.1781659456427922,0.001990035227185507,Adult with sen. attr.,BFS objective-aware,EOdds
0.17881777273812194,0.0015180411874335905,Adult with sen. attr.,BFS objective-aware,EOdds
0.17933759071686706,0.0010376429288123704,Adult with sen. attr.,BFS objective-aware,EOdds
0.18024519917646287,0.0008734623914804241,Adult with sen. attr.,BFS objective-aware,EOdds
0.1809712911862167,0.0005344246345838238,Adult with sen. attr.,BFS objective-aware,EOdds
0.18263802933575254,0.00037442036458413847,Adult with sen. attr.,BFS objective-aware,EOdds
0.24789598241766495,0.0,Adult with sen. attr.,BFS objective-aware,EOdds
0.3278969654651096,0.18690214305814884,COMPAS with sen. attr.,BFS original,EOdds
0.338185291740013,0.14634648231406944,COMPAS with sen. attr.,BFS original,EOdds
0.3511285901987116,0.07783252077050654,COMPAS with sen. attr.,BFS original,EOdds
0.3580502571907371,0.026794225252899297,COMPAS with sen. attr.,BFS original,EOdds
0.3612270845464044,0.01650504544044844,COMPAS with sen. attr.,BFS original,EOdds
0.3618434229941073,0.015526847550296341,COMPAS with sen. attr.,BFS original,EOdds
0.3627443238950081,0.014407067199968853,COMPAS with sen. attr.,BFS original,EOdds
0.3645931032266032,0.013619772241128585,COMPAS with sen. attr.,BFS original,EOdds
0.3701407561426773,0.013109006312789898,COMPAS with sen. attr.,BFS original,EOdds
0.37042522868672745,0.01230353596161908,COMPAS with sen. attr.,BFS original,EOdds
0.3707097237080645,0.012089299991450295,COMPAS with sen. attr.,BFS original,EOdds
0.374358967442886,0.011563658037608044,COMPAS with sen. attr.,BFS original,EOdds
0.3851674293772073,0.009428372320592154,COMPAS with sen. attr.,BFS original,EOdds
0.391094307840606,0.00920450923558548,COMPAS with sen. attr.,BFS original,EOdds
0.3918086922141264,0.005257845722900743,COMPAS with sen. attr.,BFS original,EOdds
0.3927077724547816,0.003800393973058322,COMPAS with sen. attr.,BFS original,EOdds
0.3930870092407499,0.003157955697368141,COMPAS with sen. attr.,BFS original,EOdds
0.39735440084487617,0.0026468680158878858,COMPAS with sen. attr.,BFS original,EOdds
0.4077852668351789,0.002153933429520847,COMPAS with sen. attr.,BFS original,EOdds
0.4126214237091097,0.0013683219898455562,COMPAS with sen. attr.,BFS original,EOdds
0.42039577782145865,0.0011027869680550258,COMPAS with sen. attr.,BFS original,EOdds
0.4272236583335497,0.0009322858700773297,COMPAS with sen. attr.,BFS original,EOdds
0.4299735745775589,0.0008115688392558169,COMPAS with sen. attr.,BFS original,EOdds
0.4374649284081552,0.00031980670847898415,COMPAS with sen. attr.,BFS original,EOdds
0.4708898004927246,0.0,COMPAS with sen. attr.,BFS original,EOdds
0.3371894467788981,0.1567336372336022,COMPAS with sen. attr.,Curious,EOdds
0.3403660156457653,0.14647717131129226,COMPAS with sen. attr.,Curious,EOdds
0.3754980713925836,0.09644977799203208,COMPAS with sen. attr.,Curious,EOdds
0.39797096406544896,0.04646110407589885,COMPAS with sen. attr.,Curious,EOdds
0.4091128990294419,0.02190895939577947,COMPAS with sen. attr.,Curious,EOdds
0.409302562377,0.021671705975099133,COMPAS with sen. attr.,Curious,EOdds
0.4098714175559524,0.02147232160805088,COMPAS with sen. attr.,Curious,EOdds
0.4100610359489365,0.021400823092422232,COMPAS with sen. attr.,Curious,EOdds
0.41048773352636825,0.019490325200238908,COMPAS with sen. attr.,Curious,EOdds
0.4121471192378492,0.0189161678535288,COMPAS with sen. attr.,Curious,EOdds
0.4125738505312114,0.018491853541669226,COMPAS with sen. attr.,Curious,EOdds
0.412716053087306,0.016437681043221453,COMPAS with sen. attr.,Curious,EOdds
0.41319021145620105,0.016209727443353788,COMPAS with sen. attr.,Curious,EOdds
0.4134272344474312,0.015875840082728947,COMPAS with sen. attr.,Curious,EOdds
0.4150393167084576,0.014663872855108806,COMPAS with sen. attr.,Curious,EOdds
0.4153238004911513,0.012655184049222588,COMPAS with sen. attr.,Curious,EOdds
0.4158452510718576,0.011977237109857295,COMPAS with sen. attr.,Curious,EOdds
0.4164142411145317,0.011511556373256729,COMPAS with sen. attr.,Curious,EOdds
0.41665132029897933,0.01117845859473029,COMPAS with sen. attr.,Curious,EOdds
0.4170306469940955,0.009745247786789415,COMPAS with sen. attr.,Curious,EOdds
0.4182158630980377,0.008902564367280284,COMPAS with sen. attr.,Curious,EOdds
0.4198276868702637,0.007390983582656026,COMPAS with sen. attr.,Curious,EOdds
0.4199225185440427,0.00735032812401575,COMPAS with sen. attr.,Curious,EOdds
0.4219610398937004,0.006877998322144472,COMPAS with sen. attr.,Curious,EOdds
0.4222928720814225,0.006795812471639293,COMPAS with sen. attr.,Curious,EOdds
0.4234308971213452,0.005920500198729581,COMPAS with sen. attr.,Curious,EOdds
0.4256119581864021,0.004855999792563383,COMPAS with sen. attr.,Curious,EOdds
0.42916773012330706,0.003896821856128008,COMPAS with sen. attr.,Curious,EOdds
0.4299263385589653,0.0034262792304293327,COMPAS with sen. attr.,Curious,EOdds
0.4310168128982764,0.002797472154779117,COMPAS with sen. attr.,Curious,EOdds
0.4330078734564706,0.0019123532930647405,COMPAS with sen. attr.,Curious,EOdds
0.4331027051302496,0.001816536753282681,COMPAS with sen. attr.,Curious,EOdds
0.4333872001515868,0.0016398697926254175,COMPAS with sen. attr.,Curious,EOdds
0.4336716951729239,0.0013769502744769742,COMPAS with sen. attr.,Curious,EOdds
0.4341458535418191,0.0009372550372855436,COMPAS with sen. attr.,Curious,EOdds
0.4373227258520605,0.0007096277368886447,COMPAS with sen. attr.,Curious,EOdds
0.4446243264259506,0.0002999869555554271,COMPAS with sen. attr.,Curious,EOdds
0.4708898004927246,0.0,COMPAS with sen. attr.,Curious,EOdds
0.3293664855334495,0.2020832964452406,COMPAS with sen. attr.,Lower bound,EOdds
0.3318319741879827,0.1960619799140172,COMPAS with sen. attr.,Lower bound,EOdds
0.33941806978321,0.1477981884804967,COMPAS with sen. attr.,Lower bound,EOdds
0.3599944526055727,0.09695597580922607,COMPAS with sen. attr.,Lower bound,EOdds
0.39360921281057015,0.04521858167562577,COMPAS with sen. attr.,Lower bound,EOdds
0.4106301159007588,0.022149849056786984,COMPAS with sen. attr.,Lower bound,EOdds
0.4107723634114273,0.019971098793855446,COMPAS with sen. attr.,Lower bound,EOdds
0.4116256461798559,0.01938598972307521,COMPAS with sen. attr.,Lower bound,EOdds
0.41214709676056216,0.019317791304713814,COMPAS with sen. attr.,Lower bound,EOdds
0.41224190595705423,0.018887133026948427,COMPAS with sen. attr.,Lower bound,EOdds
0.4126212326521703,0.018285559272425308,COMPAS with sen. attr.,Lower bound,EOdds
0.4126686372504164,0.017739595008084797,COMPAS with sen. attr.,Lower bound,EOdds
0.4130478740363845,0.017447459467171626,COMPAS with sen. attr.,Lower bound,EOdds
0.4137117069914814,0.01725918691525114,COMPAS with sen. attr.,Lower bound,EOdds
0.4148494735426036,0.01545186942389579,COMPAS with sen. attr.,Lower bound,EOdds
0.4152761149268179,0.015224273303446566,COMPAS with sen. attr.,Lower bound,EOdds
0.4155131941112655,0.014519291233686737,COMPAS with sen. attr.,Lower bound,EOdds
0.4160346446919718,0.013551198486378013,COMPAS with sen. attr.,Lower bound,EOdds
0.4164612860761861,0.013220917512479436,COMPAS with sen. attr.,Lower bound,EOdds
0.4168406127713024,0.012377443621949388,COMPAS with sen. attr.,Lower bound,EOdds
0.4176467269529981,0.010499873019400368,COMPAS with sen. attr.,Lower bound,EOdds
0.4182155821319504,0.010025436015938893,COMPAS with sen. attr.,Lower bound,EOdds
0.4193061463804094,0.010006280069070195,COMPAS with sen. attr.,Lower bound,EOdds
0.4196380572386361,0.00962646078206173,COMPAS with sen. attr.,Lower bound,EOdds
0.41982767563162027,0.008541883564405961,COMPAS with sen. attr.,Lower bound,EOdds
0.4206809246841182,0.008161830171627783,COMPAS with sen. attr.,Lower bound,EOdds
0.4228620531810362,0.008015820884636298,COMPAS with sen. attr.,Lower bound,EOdds
0.4230043006917048,0.007676542826207181,COMPAS with sen. attr.,Lower bound,EOdds
0.4239050779675273,0.005216364666213625,COMPAS with sen. attr.,Lower bound,EOdds
0.4240947413150853,0.004962740528830394,COMPAS with sen. attr.,Lower bound,EOdds
0.4249956422159863,0.004338055086939167,COMPAS with sen. attr.,Lower bound,EOdds
0.4258489249844149,0.004115403262662088,COMPAS with sen. attr.,Lower bound,EOdds
0.4270340399405657,0.003898470993213443,COMPAS with sen. attr.,Lower bound,EOdds
0.427792513512502,0.003862448558181661,COMPAS with sen. attr.,Lower bound,EOdds
0.4294046632053893,0.003315479253729195,COMPAS with sen. attr.,Lower bound,EOdds
0.4303527664089535,0.0023510924693235283,COMPAS with sen. attr.,Lower bound,EOdds
0.4304475980827324,0.002044475347912823,COMPAS with sen. attr.,Lower bound,EOdds
0.4307320256722086,0.0019027821111988169,COMPAS with sen. attr.,Lower bound,EOdds
0.43177506169734303,0.0014609632903627436,COMPAS with sen. attr.,Lower bound,EOdds
0.4331027051302497,0.0010817607802387052,COMPAS with sen. attr.,Lower bound,EOdds
0.4374175575258397,0.0008235154032704028,COMPAS with sen. attr.,Lower bound,EOdds
0.4448139223416479,0.00032568885491834204,COMPAS with sen. attr.,Lower bound,EOdds
0.4708898004927246,0.0,COMPAS with sen. attr.,Lower bound,EOdds
0.32704368269668105,0.18541003082627025,COMPAS with sen. attr.,BFS objective-aware,EOdds
0.33704735660923835,0.14794500891788814,COMPAS with sen. attr.,BFS objective-aware,EOdds
0.3487105398583548,0.08128043399042187,COMPAS with sen. attr.,BFS objective-aware,EOdds
0.35444711437151644,0.02874106671930578,COMPAS with sen. attr.,BFS objective-aware,EOdds
0.35790821197565115,0.022084477925459742,COMPAS with sen. attr.,BFS objective-aware,EOdds
0.35824006664066044,0.020458850107316427,COMPAS with sen. attr.,BFS objective-aware,EOdds
0.35838231415132904,0.020253631969185452,COMPAS with sen. attr.,BFS objective-aware,EOdds
0.35871422500955563,0.01927252310654486,COMPAS with sen. attr.,BFS objective-aware,EOdds
0.35876164084644524,0.01919811834464009,COMPAS with sen. attr.,BFS objective-aware,EOdds
0.3594727772519967,0.01869241527595154,COMPAS with sen. attr.,BFS objective-aware,EOdds
0.3596150247626652,0.01848719713782056,COMPAS with sen. attr.,BFS objective-aware,EOdds
0.3598994523521414,0.017540987280382753,COMPAS with sen. attr.,BFS objective-aware,EOdds
0.3608951849268213,0.017036977263004478,COMPAS with sen. attr.,BFS objective-aware,EOdds
0.3615115233745241,0.016058779372852376,COMPAS with sen. attr.,BFS objective-aware,EOdds
0.3618908388309968,0.015169727762606647,COMPAS with sen. attr.,BFS objective-aware,EOdds
0.3619856705047757,0.014476567766165,COMPAS with sen. attr.,BFS objective-aware,EOdds
0.3620330863416653,0.01443815529942684,COMPAS with sen. attr.,BFS objective-aware,EOdds
0.3621753338523339,0.014232937161295856,COMPAS with sen. attr.,BFS objective-aware,EOdds
0.3718458718945239,0.013465400218470269,COMPAS with sen. attr.,BFS objective-aware,EOdds
0.3719880969279056,0.012680346186454321,COMPAS with sen. attr.,BFS objective-aware,EOdds
0.3726045028074693,0.012087516457994793,COMPAS with sen. attr.,BFS objective-aware,EOdds
0.3728415819919169,0.011229058554632637,COMPAS with sen. attr.,BFS objective-aware,EOdds
0.372936413665696,0.011164320015356556,COMPAS with sen. attr.,BFS objective-aware,EOdds
0.37402697791415496,0.010144906446522928,COMPAS with sen. attr.,BFS objective-aware,EOdds
0.37800897540546496,0.008932192886374788,COMPAS with sen. attr.,BFS objective-aware,EOdds
0.3787202129588077,0.008352210217456654,COMPAS with sen. attr.,BFS objective-aware,EOdds
0.3787676287956973,0.007193765953007936,COMPAS with sen. attr.,BFS objective-aware,EOdds
0.3792416747781575,0.00707512611245203,COMPAS with sen. attr.,BFS objective-aware,EOdds
0.3793364839746496,0.006899742365187633,COMPAS with sen. attr.,BFS objective-aware,EOdds
0.3907635770399459,0.005722974615842818,COMPAS with sen. attr.,BFS objective-aware,EOdds
0.3913324546961853,0.004897545072004403,COMPAS with sen. attr.,BFS objective-aware,EOdds
0.39142728636996416,0.004795365002141968,COMPAS with sen. attr.,BFS objective-aware,EOdds
0.3915221180437433,0.004354597101834981,COMPAS with sen. attr.,BFS objective-aware,EOdds
0.39190144473885946,0.003765454586383541,COMPAS with sen. attr.,BFS objective-aware,EOdds
0.3945567091273856,0.003324628142549655,COMPAS with sen. attr.,BFS objective-aware,EOdds
0.3949833954661739,0.0027783468626979475,COMPAS with sen. attr.,BFS objective-aware,EOdds
0.3973539625377801,0.0022234564012237282,COMPAS with sen. attr.,BFS objective-aware,EOdds
0.3974487942115592,0.0018976717777485024,COMPAS with sen. attr.,BFS objective-aware,EOdds
0.3979702672695524,0.001638263642847676,COMPAS with sen. attr.,BFS objective-aware,EOdds
0.4091603485822619,0.00120898363517008,COMPAS with sen. attr.,BFS objective-aware,EOdds
0.4381761322455675,0.0007633018433318179,COMPAS with sen. attr.,BFS objective-aware,EOdds
0.4451927770137374,0.00032637660200116536,COMPAS with sen. attr.,BFS objective-aware,EOdds
0.4708898004927246,0.0,COMPAS with sen. attr.,BFS objective-aware,EOdds
0.17985743422520814,0.3552252887800881,Adult with sen. attr.,BFS original,CUAE
0.18015447618238467,0.2580723629723139,Adult with sen. attr.,BFS original,CUAE
0.1831991215231923,0.11351779092247398,Adult with sen. attr.,BFS original,CUAE
0.1846265540886364,0.019439747245497685,Adult with sen. attr.,BFS original,CUAE
0.2429947901242535,0.0015400057355893448,Adult with sen. attr.,BFS original,CUAE
0.24789598241766495,0.0,Adult with sen. attr.,BFS original,CUAE
0.17133404121797555,0.19371453141687453,Adult with sen. attr.,Curious,CUAE
0.17924685546858254,0.053075118452611834,Adult with sen. attr.,Curious,CUAE
0.18055879111983972,0.0366449567086526,Adult with sen. attr.,Curious,CUAE
0.24789598241766495,0.0,Adult with sen. attr.,Curious,CUAE
0.1774233611735282,0.2058017588700292,Adult with sen. attr.,Lower bound,CUAE
0.18010496510478635,0.10026923112200206,Adult with sen. attr.,Lower bound,CUAE
0.1828773379833961,0.028322225530723145,Adult with sen. attr.,Lower bound,CUAE
0.24789598241766495,0.0,Adult with sen. attr.,Lower bound,CUAE
0.1764497321570928,0.23812037252388324,Adult with sen. attr.,BFS objective-aware,CUAE
0.17909007379346775,0.10499138037407038,Adult with sen. attr.,BFS objective-aware,CUAE
0.1801049576161049,0.014676023031882713,Adult with sen. attr.,BFS objective-aware,CUAE
0.1946929739283595,0.01060211394371533,Adult with sen. attr.,BFS objective-aware,CUAE
0.2238192766015329,0.00534846925184187,Adult with sen. attr.,BFS objective-aware,CUAE
0.22850593859253895,0.003964271206426529,Adult with sen. attr.,BFS objective-aware,CUAE
0.2334813913752447,0.002657114105868019,Adult with sen. attr.,BFS objective-aware,CUAE
0.23838258366865595,0.0011122588464813619,Adult with sen. attr.,BFS objective-aware,CUAE
0.2431103064409333,0.00021100492798606932,Adult with sen. attr.,BFS objective-aware,CUAE
0.24789598241766495,0.0,Adult with sen. attr.,BFS objective-aware,CUAE
0.3278969654651096,0.07315735042479651,COMPAS with sen. attr.,BFS original,CUAE
0.3387062365817621,0.051104640186085695,COMPAS with sen. attr.,BFS original,CUAE
0.3438271357271869,0.027766902702112597,COMPAS with sen. attr.,BFS original,CUAE
0.3441590915399875,0.020911560903440086,COMPAS with sen. attr.,BFS original,CUAE
0.3442539232137666,0.020649382283683647,COMPAS with sen. attr.,BFS original,CUAE
0.3455341508097837,0.015059321657712331,COMPAS with sen. attr.,BFS original,CUAE
0.3466718948836188,0.013337420023124436,COMPAS with sen. attr.,BFS original,CUAE
0.3479518190362617,0.011235662047122208,COMPAS with sen. attr.,BFS original,CUAE
0.3480466507100407,0.011033847425823915,COMPAS with sen. attr.,BFS original,CUAE
0.3492794624691682,0.009341050599758228,COMPAS with sen. attr.,BFS original,CUAE
0.3500380371888961,0.0066624031735709405,COMPAS with sen. attr.,BFS original,CUAE
0.34942159759340186,0.007846324968772023,COMPAS with sen. attr.,BFS original,CUAE
0.3528352905992905,0.0028227802893553864,COMPAS with sen. attr.,BFS original,CUAE
0.35330944896818584,0.002751104437914309,COMPAS with sen. attr.,BFS original,CUAE
0.3513653996557153,0.003023826112265593,COMPAS with sen. attr.,BFS original,CUAE
0.35610692715145,0.0026879165678853627,COMPAS with sen. attr.,BFS original,CUAE
0.3564861751760617,0.0016437134238039164,COMPAS with sen. attr.,BFS original,CUAE
0.3647345752708709,0.0014268858977628087,COMPAS with sen. attr.,BFS original,CUAE
0.3792422591876191,0.0013719239424199836,COMPAS with sen. attr.,BFS original,CUAE
0.4062655662236505,0.0008430960370713781,COMPAS with sen. attr.,BFS original,CUAE
0.4245196744254891,0.0001976785699442152,COMPAS with sen. attr.,BFS original,CUAE
0.4708898004927246,0.0,COMPAS with sen. attr.,BFS original,CUAE
0.3371894467788981,0.07149404909657517,COMPAS with sen. attr.,Curious,CUAE
0.4297802699095097,0.01771946356100871,COMPAS with sen. attr.,Curious,CUAE
0.4708898004927246,0.0,COMPAS with sen. attr.,Curious,CUAE
0.3293664855334495,0.0806625240094276,COMPAS with sen. attr.,Lower bound,CUAE
0.3400809362149665,0.04317202826448456,COMPAS with sen. attr.,Lower bound,CUAE
0.3969287596999328,0.021310237370060325,COMPAS with sen. attr.,Lower bound,CUAE
0.4098258673338825,0.01232322081599797,COMPAS with sen. attr.,Lower bound,CUAE
0.4119595799939109,0.010588907391847546,COMPAS with sen. attr.,Lower bound,CUAE
0.41338171794129175,0.008780248729595153,COMPAS with sen. attr.,Lower bound,CUAE
0.4145196980266404,0.008333140893224344,COMPAS with sen. attr.,Lower bound,CUAE
0.4148516088848669,0.007516184632187728,COMPAS with sen. attr.,Lower bound,CUAE
0.445194552719409,0.006467145826443965,COMPAS with sen. attr.,Lower bound,CUAE
0.446996174702915,0.0041130781475021035,COMPAS with sen. attr.,Lower bound,CUAE
0.4542033819101221,0.0019106478796203199,COMPAS with sen. attr.,Lower bound,CUAE
0.4543930003031063,0.0016933726871379616,COMPAS with sen. attr.,Lower bound,CUAE
0.4551040692767967,0.0008839187702318396,COMPAS with sen. attr.,Lower bound,CUAE
0.4624517820049313,0.00037434572318291166,COMPAS with sen. attr.,Lower bound,CUAE
0.4708898004927246,0.0,COMPAS with sen. attr.,Lower bound,CUAE
0.32704368269668105,0.07111645227725365,COMPAS with sen. attr.,BFS objective-aware,CUAE
0.3368574010569494,0.049232743856286766,COMPAS with sen. attr.,BFS objective-aware,CUAE
0.34283152677758544,0.017705204724419117,COMPAS with sen. attr.,BFS objective-aware,CUAE
0.3429263584513643,0.017443026104662685,COMPAS with sen. attr.,BFS objective-aware,CUAE
0.3434479326571491,0.01346426816852788,COMPAS with sen. attr.,BFS objective-aware,CUAE
0.34354276433092823,0.013246294429416116,COMPAS with sen. attr.,BFS objective-aware,CUAE
0.34377979856080176,0.013028163282473115,COMPAS with sen. attr.,BFS objective-aware,CUAE
0.345865780701923,0.01264669673185377,COMPAS with sen. attr.,BFS objective-aware,CUAE
0.3459131965388125,0.01243041835227223,COMPAS with sen. attr.,BFS objective-aware,CUAE
0.3477622118819209,0.009288545871211662,COMPAS with sen. attr.,BFS objective-aware,CUAE
0.3482837860877057,0.008690879373892391,COMPAS with sen. attr.,BFS objective-aware,CUAE
0.34847340448068986,0.008314922141374258,COMPAS with sen. attr.,BFS objective-aware,CUAE
0.3488052591456989,0.0077467296509027735,COMPAS with sen. attr.,BFS objective-aware,CUAE
0.3492793837986637,0.005236408197999531,COMPAS with sen. attr.,BFS objective-aware,CUAE
0.34942159759340186,0.002954351238780628,COMPAS with sen. attr.,BFS objective-aware,CUAE
0.35406803492655714,0.0021927247294698084,COMPAS with sen. attr.,BFS objective-aware,CUAE
0.35563252153239794,0.0018204454678291129,COMPAS with sen. attr.,BFS objective-aware,CUAE
0.3606574089464771,0.0013205667934644172,COMPAS with sen. attr.,BFS objective-aware,CUAE
0.4028527610705976,0.0004876877998381213,COMPAS with sen. attr.,BFS objective-aware,CUAE
0.4281728179696019,0.00017302154857243846,COMPAS with sen. attr.,BFS objective-aware,CUAE
0.4708898004927246,0.0,COMPAS with sen. attr.,BFS objective-aware,CUAE
